sku,opc,queue_id,state_when_reported
251368045398,,,Awaiting OnBuy go-live (created earlier - listing not yet up
251459395326,,,Awaiting OnBuy go-live (created earlier - listing not yet up
251477918187,,,Awaiting OnBuy go-live (created earlier - listing not yet up
251941622947,,,Awaiting OnBuy go-live (created earlier - listing not yet up
252004125634,,,Awaiting OnBuy go-live (created earlier - listing not yet up
252660067224,,,Awaiting OnBuy go-live (created earlier - listing not yet up
253064075792,,,Awaiting OnBuy go-live (created earlier - listing not yet up
253784639014,,,Awaiting OnBuy go-live (created earlier - listing not yet up
254098446602,,,Awaiting OnBuy go-live (created earlier - listing not yet up
254369357422,,,Awaiting OnBuy go-live (created earlier - listing not yet up
256078821447,,,Awaiting OnBuy go-live (created earlier - listing not yet up
256199052171,,,Awaiting OnBuy go-live (created earlier - listing not yet up
257515810451,,,Awaiting OnBuy go-live (created earlier - listing not yet up
257589326148,PXGGPQV,,Awaiting OnBuy go-live (created earlier - listing not yet up
257746965128,,,Awaiting OnBuy go-live (created earlier - listing not yet up
258448831186,,,Awaiting OnBuy go-live (created earlier - listing not yet up
258789540525,,,Awaiting OnBuy go-live (created earlier - listing not yet up
259377508699,,,Awaiting OnBuy go-live (created earlier - listing not yet up
260328945173,,,Awaiting OnBuy go-live (created earlier - listing not yet up
318798125509,PXKYCZF,,Awaiting OnBuy go-live (created earlier - listing not yet up
275381389406,,,Awaiting OnBuy go-live (created earlier - listing not yet up
275645092479,,,Awaiting OnBuy go-live (created earlier - listing not yet up
275713042528,,,Awaiting OnBuy go-live (created earlier - listing not yet up
275764354212,,,Awaiting OnBuy go-live (created earlier - listing not yet up
276075558153,,,Awaiting OnBuy go-live (created earlier - listing not yet up
277000024682,,,Awaiting OnBuy go-live (created earlier - listing not yet up
277019820336,,,Awaiting OnBuy go-live (created earlier - listing not yet up
277376468608,,,Awaiting OnBuy go-live (created earlier - listing not yet up
277725521893,,,Awaiting OnBuy go-live (created earlier - listing not yet up
277737628153,,,Awaiting OnBuy go-live (created earlier - listing not yet up
277747383882,,,Awaiting OnBuy go-live (created earlier - listing not yet up
280075973182,,,Awaiting OnBuy go-live (created earlier - listing not yet up
280451752677,,,Awaiting OnBuy go-live (created earlier - listing not yet up
280969941594,,,Awaiting OnBuy go-live (created earlier - listing not yet up
281205762485,,,Awaiting OnBuy go-live (created earlier - listing not yet up
281843667760,,,Awaiting OnBuy go-live (created earlier - listing not yet up
282705227245,,,Awaiting OnBuy go-live (created earlier - listing not yet up
282831568366,,,Awaiting OnBuy go-live (created earlier - listing not yet up
283339911302,,,Awaiting OnBuy go-live (created earlier - listing not yet up
283536487525,,,Awaiting OnBuy go-live (created earlier - listing not yet up
284157153653,,,Awaiting OnBuy go-live (created earlier - listing not yet up
284673383923,,,Awaiting OnBuy go-live (created earlier - listing not yet up
284801305322,,,Awaiting OnBuy go-live (created earlier - listing not yet up
286545773641,,,Awaiting OnBuy go-live (created earlier - listing not yet up
286762309876,,,Awaiting OnBuy go-live (created earlier - listing not yet up
287936245174,,,Awaiting OnBuy go-live (created earlier - listing not yet up
288753532478,,,Awaiting OnBuy go-live (created earlier - listing not yet up
289364847951,,,Awaiting OnBuy go-live (created earlier - listing not yet up
289392361924,,,Awaiting OnBuy go-live (created earlier - listing not yet up
289600641657,,,Awaiting OnBuy go-live (created earlier - listing not yet up
289718750609,,,Awaiting OnBuy go-live (created earlier - listing not yet up
289770653399,,,Awaiting OnBuy go-live (created earlier - listing not yet up
290120691756,,,Awaiting OnBuy go-live (created earlier - listing not yet up
290931423843,,,Awaiting OnBuy go-live (created earlier - listing not yet up
291776665528,,,Awaiting OnBuy go-live (created earlier - listing not yet up
292370620593,,,Awaiting OnBuy go-live (created earlier - listing not yet up
292969392474,,,Awaiting OnBuy go-live (created earlier - listing not yet up
294827260178,,,Awaiting OnBuy go-live (created earlier - listing not yet up
294890866499,,,Awaiting OnBuy go-live (created earlier - listing not yet up
295072642870,,,Awaiting OnBuy go-live (created earlier - listing not yet up
296830435352,,,Awaiting OnBuy go-live (created earlier - listing not yet up
297835986559,,,Awaiting OnBuy go-live (created earlier - listing not yet up
298836239316,,,Awaiting OnBuy go-live (created earlier - listing not yet up
299400689292,,,Awaiting OnBuy go-live (created earlier - listing not yet up
301107026031,,,Awaiting OnBuy go-live (created earlier - listing not yet up
303281129058,,,Awaiting OnBuy go-live (created earlier - listing not yet up
303785424314,,,Awaiting OnBuy go-live (created earlier - listing not yet up
304443264006,,,Awaiting OnBuy go-live (created earlier - listing not yet up
304540432773,,,Awaiting OnBuy go-live (created earlier - listing not yet up
305026644895,,,Awaiting OnBuy go-live (created earlier - listing not yet up
306123779176,,,Awaiting OnBuy go-live (created earlier - listing not yet up
306304629627,,,Awaiting OnBuy go-live (created earlier - listing not yet up
306939646334,,,Awaiting OnBuy go-live (created earlier - listing not yet up
307187829265,,,Awaiting OnBuy go-live (created earlier - listing not yet up
307487369003,,,Awaiting OnBuy go-live (created earlier - listing not yet up
308911509101,,,Awaiting OnBuy go-live (created earlier - listing not yet up
309170271365,,,Awaiting OnBuy go-live (created earlier - listing not yet up
309213884439,,,Awaiting OnBuy go-live (created earlier - listing not yet up
309450236466,,,Awaiting OnBuy go-live (created earlier - listing not yet up
309887695584,,,Awaiting OnBuy go-live (created earlier - listing not yet up
310811750484,,,Awaiting OnBuy go-live (created earlier - listing not yet up
311644898886,,,Awaiting OnBuy go-live (created earlier - listing not yet up
311856391434,,,Awaiting OnBuy go-live (created earlier - listing not yet up
312836417700,,,Awaiting OnBuy go-live (created earlier - listing not yet up
313445400886,,,Awaiting OnBuy go-live (created earlier - listing not yet up
314473730761,,,Awaiting OnBuy go-live (created earlier - listing not yet up
315054607809,,,Awaiting OnBuy go-live (created earlier - listing not yet up
315671951705,,,Awaiting OnBuy go-live (created earlier - listing not yet up
316614420401,,,Awaiting OnBuy go-live (created earlier - listing not yet up
317713727620,,,Awaiting OnBuy go-live (created earlier - listing not yet up
318365742818,,,Awaiting OnBuy go-live (created earlier - listing not yet up
319343368488,,,Awaiting OnBuy go-live (created earlier - listing not yet up
319624926468,,,Awaiting OnBuy go-live (created earlier - listing not yet up
320472780409,,,Awaiting OnBuy go-live (created earlier - listing not yet up
331171394835,,,Awaiting OnBuy go-live (created earlier - listing not yet up
332533328420,,,Awaiting OnBuy go-live (created earlier - listing not yet up
332795487408,,,Awaiting OnBuy go-live (created earlier - listing not yet up
333501894961,,,Awaiting OnBuy go-live (created earlier - listing not yet up
334556476294,,,Awaiting OnBuy go-live (created earlier - listing not yet up
335858386038,,,Awaiting OnBuy go-live (created earlier - listing not yet up
335906949895,,,Awaiting OnBuy go-live (created earlier - listing not yet up
336815805197,,,Awaiting OnBuy go-live (created earlier - listing not yet up
337241682840,,,Awaiting OnBuy go-live (created earlier - listing not yet up
337390789766,,,Awaiting OnBuy go-live (created earlier - listing not yet up
337547982835,,,Awaiting OnBuy go-live (created earlier - listing not yet up
338082590189,,,Awaiting OnBuy go-live (created earlier - listing not yet up
338309390141,,,Awaiting OnBuy go-live (created earlier - listing not yet up
338633724629,,,Awaiting OnBuy go-live (created earlier - listing not yet up
338770737186,,,Awaiting OnBuy go-live (created earlier - listing not yet up
338965370211,,,Awaiting OnBuy go-live (created earlier - listing not yet up
339085023773,,,Awaiting OnBuy go-live (created earlier - listing not yet up
339255024135,,,Awaiting OnBuy go-live (created earlier - listing not yet up
339737843339,,,Awaiting OnBuy go-live (created earlier - listing not yet up
339844721919,,,Awaiting OnBuy go-live (created earlier - listing not yet up
340966927738,,,Awaiting OnBuy go-live (created earlier - listing not yet up
341040454546,,,Awaiting OnBuy go-live (created earlier - listing not yet up
341110084246,,,Awaiting OnBuy go-live (created earlier - listing not yet up
341578491198,,,Awaiting OnBuy go-live (created earlier - listing not yet up
341803189456,,,Awaiting OnBuy go-live (created earlier - listing not yet up
341889293795,,,Awaiting OnBuy go-live (created earlier - listing not yet up
341912635653,,,Awaiting OnBuy go-live (created earlier - listing not yet up
342118458091,,,Awaiting OnBuy go-live (created earlier - listing not yet up
342152022647,,,Awaiting OnBuy go-live (created earlier - listing not yet up
342243882327,,,Awaiting OnBuy go-live (created earlier - listing not yet up
342392929119,,,Awaiting OnBuy go-live (created earlier - listing not yet up
342574649545,,,Awaiting OnBuy go-live (created earlier - listing not yet up
343061175776,,,Awaiting OnBuy go-live (created earlier - listing not yet up
343648073945,,,Awaiting OnBuy go-live (created earlier - listing not yet up
343663767997,,,Awaiting OnBuy go-live (created earlier - listing not yet up
344135275323,,,Awaiting OnBuy go-live (created earlier - listing not yet up
344189094284,,,Awaiting OnBuy go-live (created earlier - listing not yet up
344289404259,,,Awaiting OnBuy go-live (created earlier - listing not yet up
344298211787,,,Awaiting OnBuy go-live (created earlier - listing not yet up
344331747884,,,Awaiting OnBuy go-live (created earlier - listing not yet up
344406162376,,,Awaiting OnBuy go-live (created earlier - listing not yet up
344621663115,,,Awaiting OnBuy go-live (created earlier - listing not yet up
344771776215,,,Awaiting OnBuy go-live (created earlier - listing not yet up
344790828810,,,Awaiting OnBuy go-live (created earlier - listing not yet up
345081980149,,,Awaiting OnBuy go-live (created earlier - listing not yet up
345186112988,,,Awaiting OnBuy go-live (created earlier - listing not yet up
345287272697,,,Awaiting OnBuy go-live (created earlier - listing not yet up
345365256205,,,Awaiting OnBuy go-live (created earlier - listing not yet up
346040761489,,,Awaiting OnBuy go-live (created earlier - listing not yet up
346111305086,,,Awaiting OnBuy go-live (created earlier - listing not yet up
346131079530,,,Awaiting OnBuy go-live (created earlier - listing not yet up
346338026696,,,Awaiting OnBuy go-live (created earlier - listing not yet up
346817611771,,,Awaiting OnBuy go-live (created earlier - listing not yet up
346985913844,,,Awaiting OnBuy go-live (created earlier - listing not yet up
347252160077,,,Awaiting OnBuy go-live (created earlier - listing not yet up
347350024219,,,Awaiting OnBuy go-live (created earlier - listing not yet up
347397961911,,,Awaiting OnBuy go-live (created earlier - listing not yet up
347564813517,,,Awaiting OnBuy go-live (created earlier - listing not yet up
347594907620,,,Awaiting OnBuy go-live (created earlier - listing not yet up
347684201836,,,Awaiting OnBuy go-live (created earlier - listing not yet up
347770230573,,,Awaiting OnBuy go-live (created earlier - listing not yet up
348070777720,,,Awaiting OnBuy go-live (created earlier - listing not yet up
348543994609,,,Awaiting OnBuy go-live (created earlier - listing not yet up
348560226899,,,Awaiting OnBuy go-live (created earlier - listing not yet up
348607515184,,,Awaiting OnBuy go-live (created earlier - listing not yet up
348668936836,,,Awaiting OnBuy go-live (created earlier - listing not yet up
348686239636,,,Awaiting OnBuy go-live (created earlier - listing not yet up
348876297347,,,Awaiting OnBuy go-live (created earlier - listing not yet up
349104255795,,,Awaiting OnBuy go-live (created earlier - listing not yet up
349372583637,,,Awaiting OnBuy go-live (created earlier - listing not yet up
349757490857,,,Awaiting OnBuy go-live (created earlier - listing not yet up
350280229692,,,Awaiting OnBuy go-live (created earlier - listing not yet up
350510140452,,,Awaiting OnBuy go-live (created earlier - listing not yet up
350711719457,,,Awaiting OnBuy go-live (created earlier - listing not yet up
350838236448,,,Awaiting OnBuy go-live (created earlier - listing not yet up
351160852207,,,Awaiting OnBuy go-live (created earlier - listing not yet up
352117175820,,,Awaiting OnBuy go-live (created earlier - listing not yet up
352631999087,,,Awaiting OnBuy go-live (created earlier - listing not yet up
352704511949,,,Awaiting OnBuy go-live (created earlier - listing not yet up
352831678843,,,Awaiting OnBuy go-live (created earlier - listing not yet up
353193136965,,,Awaiting OnBuy go-live (created earlier - listing not yet up
353364850959,,,Awaiting OnBuy go-live (created earlier - listing not yet up
353570866232,,,Awaiting OnBuy go-live (created earlier - listing not yet up
353651970162,,,Awaiting OnBuy go-live (created earlier - listing not yet up
354495548357,,,Awaiting OnBuy go-live (created earlier - listing not yet up
355088905137,,,Awaiting OnBuy go-live (created earlier - listing not yet up
355123723436,,,Awaiting OnBuy go-live (created earlier - listing not yet up
355497171468,,,Awaiting OnBuy go-live (created earlier - listing not yet up
355504836762,,,Awaiting OnBuy go-live (created earlier - listing not yet up
355617255269,,,Awaiting OnBuy go-live (created earlier - listing not yet up
355988627306,,,Awaiting OnBuy go-live (created earlier - listing not yet up
356247624050,,,Awaiting OnBuy go-live (created earlier - listing not yet up
356528669336,,,Awaiting OnBuy go-live (created earlier - listing not yet up
357424440418,,,Awaiting OnBuy go-live (created earlier - listing not yet up
357475938322,,,Awaiting OnBuy go-live (created earlier - listing not yet up
357802359592,,,Awaiting OnBuy go-live (created earlier - listing not yet up
357966805935,,,Awaiting OnBuy go-live (created earlier - listing not yet up
358101456944,,,Awaiting OnBuy go-live (created earlier - listing not yet up
358155683846,,,Awaiting OnBuy go-live (created earlier - listing not yet up
358198533009,,,Awaiting OnBuy go-live (created earlier - listing not yet up
360978637302,,,Awaiting OnBuy go-live (created earlier - listing not yet up
361857447227,,,Awaiting OnBuy go-live (created earlier - listing not yet up
363299064079,,,Awaiting OnBuy go-live (created earlier - listing not yet up
363304949926,,,Awaiting OnBuy go-live (created earlier - listing not yet up
365638057896,,,Awaiting OnBuy go-live (created earlier - listing not yet up
366970548226,,,Awaiting OnBuy go-live (created earlier - listing not yet up
367031351342,,,Awaiting OnBuy go-live (created earlier - listing not yet up
368286245202,,,Awaiting OnBuy go-live (created earlier - listing not yet up
369034500338,,,Awaiting OnBuy go-live (created earlier - listing not yet up
370377951329,,,Awaiting OnBuy go-live (created earlier - listing not yet up
375200995952,,,Awaiting OnBuy go-live (created earlier - listing not yet up
376290811184,,,Awaiting OnBuy go-live (created earlier - listing not yet up
377307095276,,,Awaiting OnBuy go-live (created earlier - listing not yet up
380935766029,,,Awaiting OnBuy go-live (created earlier - listing not yet up
381876187560,,,Awaiting OnBuy go-live (created earlier - listing not yet up
383785066431,,,Awaiting OnBuy go-live (created earlier - listing not yet up
384058382845,,,Awaiting OnBuy go-live (created earlier - listing not yet up
386765552191,,,Awaiting OnBuy go-live (created earlier - listing not yet up
388682832349,,,Awaiting OnBuy go-live (created earlier - listing not yet up
388688262751,,,Awaiting OnBuy go-live (created earlier - listing not yet up
389128887114,,,Awaiting OnBuy go-live (created earlier - listing not yet up
389735423798,,,Awaiting OnBuy go-live (created earlier - listing not yet up
389853432757,,,Awaiting OnBuy go-live (created earlier - listing not yet up
391081604066,,,Awaiting OnBuy go-live (created earlier - listing not yet up
392369010050,,,Awaiting OnBuy go-live (created earlier - listing not yet up
395123075951,,,Awaiting OnBuy go-live (created earlier - listing not yet up
395757167909,,,Awaiting OnBuy go-live (created earlier - listing not yet up
395855843156,,,Awaiting OnBuy go-live (created earlier - listing not yet up
397523043073,,,Awaiting OnBuy go-live (created earlier - listing not yet up
397593372882,,,Awaiting OnBuy go-live (created earlier - listing not yet up
398336563901,,,Awaiting OnBuy go-live (created earlier - listing not yet up
398621156146,,,Awaiting OnBuy go-live (created earlier - listing not yet up
399206513736,,,Awaiting OnBuy go-live (created earlier - listing not yet up
399305860786,,,Awaiting OnBuy go-live (created earlier - listing not yet up
399530020924,,,Awaiting OnBuy go-live (created earlier - listing not yet up
399967686755,,,Awaiting OnBuy go-live (created earlier - listing not yet up
400503060202,,,Awaiting OnBuy go-live (created earlier - listing not yet up
400654261664,,,Awaiting OnBuy go-live (created earlier - listing not yet up
401217794186,,,Awaiting OnBuy go-live (created earlier - listing not yet up
401224350238,,,Awaiting OnBuy go-live (created earlier - listing not yet up
402090834099,,,Awaiting OnBuy go-live (created earlier - listing not yet up
402109216502,,,Awaiting OnBuy go-live (created earlier - listing not yet up
402117015944,,,Awaiting OnBuy go-live (created earlier - listing not yet up
402317642735,,,Awaiting OnBuy go-live (created earlier - listing not yet up
402362525823,,,Awaiting OnBuy go-live (created earlier - listing not yet up
402403089277,,,Awaiting OnBuy go-live (created earlier - listing not yet up
402443930911,,,Awaiting OnBuy go-live (created earlier - listing not yet up
402509189376,,,Awaiting OnBuy go-live (created earlier - listing not yet up
402602777654,,,Awaiting OnBuy go-live (created earlier - listing not yet up
402731856404,,,Awaiting OnBuy go-live (created earlier - listing not yet up
403526501530,,,Awaiting OnBuy go-live (created earlier - listing not yet up
405924295509,,,Awaiting OnBuy go-live (created earlier - listing not yet up
406100813999,,,Awaiting OnBuy go-live (created earlier - listing not yet up
406553782835,,,Awaiting OnBuy go-live (created earlier - listing not yet up
407274033794,,,Awaiting OnBuy go-live (created earlier - listing not yet up
408374087298,,,Awaiting OnBuy go-live (created earlier - listing not yet up
409126422190,,,Awaiting OnBuy go-live (created earlier - listing not yet up
409436356505,,,Awaiting OnBuy go-live (created earlier - listing not yet up
409772514522,,,Awaiting OnBuy go-live (created earlier - listing not yet up
410185270554,,,Awaiting OnBuy go-live (created earlier - listing not yet up
410214368177,,,Awaiting OnBuy go-live (created earlier - listing not yet up
411209669903,,,Awaiting OnBuy go-live (created earlier - listing not yet up
411212319796,,,Awaiting OnBuy go-live (created earlier - listing not yet up
411283228911,,,Awaiting OnBuy go-live (created earlier - listing not yet up
411767115942,,,Awaiting OnBuy go-live (created earlier - listing not yet up
412715978916,,,Awaiting OnBuy go-live (created earlier - listing not yet up
412801027542,,,Awaiting OnBuy go-live (created earlier - listing not yet up
414234698757,,,Awaiting OnBuy go-live (created earlier - listing not yet up
414450853190,,,Awaiting OnBuy go-live (created earlier - listing not yet up
414701020777,,,Awaiting OnBuy go-live (created earlier - listing not yet up
415081663325,,,Awaiting OnBuy go-live (created earlier - listing not yet up
415170151863,,,Awaiting OnBuy go-live (created earlier - listing not yet up
416237684034,,,Awaiting OnBuy go-live (created earlier - listing not yet up
416320257206,,,Awaiting OnBuy go-live (created earlier - listing not yet up
416389408304,,,Awaiting OnBuy go-live (created earlier - listing not yet up
416535954280,,,Awaiting OnBuy go-live (created earlier - listing not yet up
416649147356,,,Awaiting OnBuy go-live (created earlier - listing not yet up
416850250333,,,Awaiting OnBuy go-live (created earlier - listing not yet up
416866746004,,,Awaiting OnBuy go-live (created earlier - listing not yet up
416913148461,,,Awaiting OnBuy go-live (created earlier - listing not yet up
417153554173,,,Awaiting OnBuy go-live (created earlier - listing not yet up
417386741319,,,Awaiting OnBuy go-live (created earlier - listing not yet up
417590650568,,,Awaiting OnBuy go-live (created earlier - listing not yet up
417642336877,,,Awaiting OnBuy go-live (created earlier - listing not yet up
417658333532,,,Awaiting OnBuy go-live (created earlier - listing not yet up
417696731352,,,Awaiting OnBuy go-live (created earlier - listing not yet up
419236973345,,,Awaiting OnBuy go-live (created earlier - listing not yet up
420063399239,,,Awaiting OnBuy go-live (created earlier - listing not yet up
420141806376,,,Awaiting OnBuy go-live (created earlier - listing not yet up
420302718050,,,Awaiting OnBuy go-live (created earlier - listing not yet up
421040844841,,,Awaiting OnBuy go-live (created earlier - listing not yet up
421054575557,,,Awaiting OnBuy go-live (created earlier - listing not yet up
421147639234,,,Awaiting OnBuy go-live (created earlier - listing not yet up
421295409055,,,Awaiting OnBuy go-live (created earlier - listing not yet up
421958080003,,,Awaiting OnBuy go-live (created earlier - listing not yet up
422202693451,,,Awaiting OnBuy go-live (created earlier - listing not yet up
422241276455,,,Awaiting OnBuy go-live (created earlier - listing not yet up
422714663447,,,Awaiting OnBuy go-live (created earlier - listing not yet up
423621892685,,,Awaiting OnBuy go-live (created earlier - listing not yet up
423774251216,,,Awaiting OnBuy go-live (created earlier - listing not yet up
423850791773,,,Awaiting OnBuy go-live (created earlier - listing not yet up
424087270086,,,Awaiting OnBuy go-live (created earlier - listing not yet up
424451893255,,,Awaiting OnBuy go-live (created earlier - listing not yet up
424492608160,,,Awaiting OnBuy go-live (created earlier - listing not yet up
424699322043,,,Awaiting OnBuy go-live (created earlier - listing not yet up
425344794949,,,Awaiting OnBuy go-live (created earlier - listing not yet up
425403284985,,,Awaiting OnBuy go-live (created earlier - listing not yet up
425716314362,,,Awaiting OnBuy go-live (created earlier - listing not yet up
425781216851,,,Awaiting OnBuy go-live (created earlier - listing not yet up
426049479155,,,Awaiting OnBuy go-live (created earlier - listing not yet up
426575279342,,,Awaiting OnBuy go-live (created earlier - listing not yet up
426709574404,,,Awaiting OnBuy go-live (created earlier - listing not yet up
428089009507,,,Awaiting OnBuy go-live (created earlier - listing not yet up
428125775205,,,Awaiting OnBuy go-live (created earlier - listing not yet up
428160979811,,,Awaiting OnBuy go-live (created earlier - listing not yet up
428203126264,,,Awaiting OnBuy go-live (created earlier - listing not yet up
428256060751,,,Awaiting OnBuy go-live (created earlier - listing not yet up
428342215041,,,Awaiting OnBuy go-live (created earlier - listing not yet up
428511523762,,,Awaiting OnBuy go-live (created earlier - listing not yet up
429016323291,,,Awaiting OnBuy go-live (created earlier - listing not yet up
429093214659,,,Awaiting OnBuy go-live (created earlier - listing not yet up
429119561323,,,Awaiting OnBuy go-live (created earlier - listing not yet up
429547662418,,,Awaiting OnBuy go-live (created earlier - listing not yet up
429993458016,,,Awaiting OnBuy go-live (created earlier - listing not yet up
430200223938,,,Awaiting OnBuy go-live (created earlier - listing not yet up
430213194089,,,Awaiting OnBuy go-live (created earlier - listing not yet up
430807331395,,,Awaiting OnBuy go-live (created earlier - listing not yet up
430903597671,,,Awaiting OnBuy go-live (created earlier - listing not yet up
431661814543,,,Awaiting OnBuy go-live (created earlier - listing not yet up
432018607399,,,Awaiting OnBuy go-live (created earlier - listing not yet up
432141294244,,,Awaiting OnBuy go-live (created earlier - listing not yet up
432439842638,,,Awaiting OnBuy go-live (created earlier - listing not yet up
432529020205,,,Awaiting OnBuy go-live (created earlier - listing not yet up
432535958370,,,Awaiting OnBuy go-live (created earlier - listing not yet up
432743126752,,,Awaiting OnBuy go-live (created earlier - listing not yet up
432994308990,,,Awaiting OnBuy go-live (created earlier - listing not yet up
433050118072,,,Awaiting OnBuy go-live (created earlier - listing not yet up
433711806669,,,Awaiting OnBuy go-live (created earlier - listing not yet up
434172067637,,,Awaiting OnBuy go-live (created earlier - listing not yet up
434451518843,,,Awaiting OnBuy go-live (created earlier - listing not yet up
434465811527,,,Awaiting OnBuy go-live (created earlier - listing not yet up
434656461616,,,Awaiting OnBuy go-live (created earlier - listing not yet up
434856806255,,,Awaiting OnBuy go-live (created earlier - listing not yet up
434963597046,,,Awaiting OnBuy go-live (created earlier - listing not yet up
435144906671,,,Awaiting OnBuy go-live (created earlier - listing not yet up
435486984757,,,Awaiting OnBuy go-live (created earlier - listing not yet up
435972204048,,,Awaiting OnBuy go-live (created earlier - listing not yet up
436372937895,,,Awaiting OnBuy go-live (created earlier - listing not yet up
436458011693,,,Awaiting OnBuy go-live (created earlier - listing not yet up
436669111465,,,Awaiting OnBuy go-live (created earlier - listing not yet up
436728282938,,,Awaiting OnBuy go-live (created earlier - listing not yet up
436839028593,,,Awaiting OnBuy go-live (created earlier - listing not yet up
437625572894,,,Awaiting OnBuy go-live (created earlier - listing not yet up
437684806657,,,Awaiting OnBuy go-live (created earlier - listing not yet up
437934080455,,,Awaiting OnBuy go-live (created earlier - listing not yet up
438082107438,,,Awaiting OnBuy go-live (created earlier - listing not yet up
438097098486,,,Awaiting OnBuy go-live (created earlier - listing not yet up
438176026409,,,Awaiting OnBuy go-live (created earlier - listing not yet up
438312668968,,,Awaiting OnBuy go-live (created earlier - listing not yet up
438415163568,,,Awaiting OnBuy go-live (created earlier - listing not yet up
438457808991,,,Awaiting OnBuy go-live (created earlier - listing not yet up
438624846696,,,Awaiting OnBuy go-live (created earlier - listing not yet up
438869723394,,,Awaiting OnBuy go-live (created earlier - listing not yet up
439352239361,,,Awaiting OnBuy go-live (created earlier - listing not yet up
440298849651,,,Awaiting OnBuy go-live (created earlier - listing not yet up
440629391194,,,Awaiting OnBuy go-live (created earlier - listing not yet up
441161699977,,,Awaiting OnBuy go-live (created earlier - listing not yet up
441279430905,,,Awaiting OnBuy go-live (created earlier - listing not yet up
442091011907,,,Awaiting OnBuy go-live (created earlier - listing not yet up
442298841918,,,Awaiting OnBuy go-live (created earlier - listing not yet up
442311438033,,,Awaiting OnBuy go-live (created earlier - listing not yet up
442509345549,,,Awaiting OnBuy go-live (created earlier - listing not yet up
443119897558,,,Awaiting OnBuy go-live (created earlier - listing not yet up
443191379539,,,Awaiting OnBuy go-live (created earlier - listing not yet up
443486298361,,,Awaiting OnBuy go-live (created earlier - listing not yet up
445089501015,,,Awaiting OnBuy go-live (created earlier - listing not yet up
445363303816,,,Awaiting OnBuy go-live (created earlier - listing not yet up
445433008061,,,Awaiting OnBuy go-live (created earlier - listing not yet up
445743039236,,,Awaiting OnBuy go-live (created earlier - listing not yet up
445865432762,,,Awaiting OnBuy go-live (created earlier - listing not yet up
447241366371,,,Awaiting OnBuy go-live (created earlier - listing not yet up
448597944671,,,Awaiting OnBuy go-live (created earlier - listing not yet up
449307845172,,,Awaiting OnBuy go-live (created earlier - listing not yet up
449558164114,,,Awaiting OnBuy go-live (created earlier - listing not yet up
449708067326,,,Awaiting OnBuy go-live (created earlier - listing not yet up
450525512418,,,Awaiting OnBuy go-live (created earlier - listing not yet up
450934886476,,,Awaiting OnBuy go-live (created earlier - listing not yet up
451181965952,,,Awaiting OnBuy go-live (created earlier - listing not yet up
451625457043,,,Awaiting OnBuy go-live (created earlier - listing not yet up
451628931519,,,Awaiting OnBuy go-live (created earlier - listing not yet up
451996094069,,,Awaiting OnBuy go-live (created earlier - listing not yet up
452002417780,,,Awaiting OnBuy go-live (created earlier - listing not yet up
453223635540,,,Awaiting OnBuy go-live (created earlier - listing not yet up
457220360252,,,Awaiting OnBuy go-live (created earlier - listing not yet up
457531235584,,,Awaiting OnBuy go-live (created earlier - listing not yet up
457580339943,,,Awaiting OnBuy go-live (created earlier - listing not yet up
457740009877,,,Awaiting OnBuy go-live (created earlier - listing not yet up
457823801183,,,Awaiting OnBuy go-live (created earlier - listing not yet up
458083015921,,,Awaiting OnBuy go-live (created earlier - listing not yet up
458135545321,,,Awaiting OnBuy go-live (created earlier - listing not yet up
459952487634,,,Awaiting OnBuy go-live (created earlier - listing not yet up
460237098742,,,Awaiting OnBuy go-live (created earlier - listing not yet up
461014471475,,,Awaiting OnBuy go-live (created earlier - listing not yet up
461850967262,,,Awaiting OnBuy go-live (created earlier - listing not yet up
462153923146,,,Awaiting OnBuy go-live (created earlier - listing not yet up
462745265012,,,Awaiting OnBuy go-live (created earlier - listing not yet up
463254404572,,,Awaiting OnBuy go-live (created earlier - listing not yet up
463425733593,,,Awaiting OnBuy go-live (created earlier - listing not yet up
463995692627,,,Awaiting OnBuy go-live (created earlier - listing not yet up
464574313476,,,Awaiting OnBuy go-live (created earlier - listing not yet up
465634376073,,,Awaiting OnBuy go-live (created earlier - listing not yet up
465750991228,,,Awaiting OnBuy go-live (created earlier - listing not yet up
466221313594,,,Awaiting OnBuy go-live (created earlier - listing not yet up
469793342900,,,Awaiting OnBuy go-live (created earlier - listing not yet up
469884490855,,,Awaiting OnBuy go-live (created earlier - listing not yet up
471748477735,,,Awaiting OnBuy go-live (created earlier - listing not yet up
471752240233,,,Awaiting OnBuy go-live (created earlier - listing not yet up
658759452054,,,Awaiting OnBuy go-live (created earlier - listing not yet up
658895771873,,,Awaiting OnBuy go-live (created earlier - listing not yet up
659729859712,,,Awaiting OnBuy go-live (created earlier - listing not yet up
660591194795,,,Awaiting OnBuy go-live (created earlier - listing not yet up
660688242590,,,Awaiting OnBuy go-live (created earlier - listing not yet up
660980793417,,,Awaiting OnBuy go-live (created earlier - listing not yet up
661269770389,,,Awaiting OnBuy go-live (created earlier - listing not yet up
662138802729,,,Awaiting OnBuy go-live (created earlier - listing not yet up
663577270858,,,Awaiting OnBuy go-live (created earlier - listing not yet up
664823135228,,,Awaiting OnBuy go-live (created earlier - listing not yet up
665790594186,,,Awaiting OnBuy go-live (created earlier - listing not yet up
665898808819,,,Awaiting OnBuy go-live (created earlier - listing not yet up
692023892429,,,Awaiting OnBuy go-live (created earlier - listing not yet up
692304625340,,,Awaiting OnBuy go-live (created earlier - listing not yet up
692340166166,,,Awaiting OnBuy go-live (created earlier - listing not yet up
693458976654,,,Awaiting OnBuy go-live (created earlier - listing not yet up
696256445353,,,Awaiting OnBuy go-live (created earlier - listing not yet up
697560112108,,,Awaiting OnBuy go-live (created earlier - listing not yet up
697771179389,,,Awaiting OnBuy go-live (created earlier - listing not yet up
709331836134,PXS2TT6,6a7d78df3e2feb990509dd78,Synced
1234569878698,PMC27B2,6a7ec89959445eeecf0fcd68,Awaiting OnBuy go-live (created earlier - listing not yet up
764518709991,PXSQ6FX,6a81b4c798d0efb3da0e7e24,Awaiting OnBuy go-live (created earlier - listing not yet up
786316950429,PXX6RYS,6a8404aea31855079d008b4f,Awaiting OnBuy go-live (created earlier - listing not yet up
887694565240,PY5J988,6a930c955d14d8b24c0f1db6,Awaiting OnBuy go-live (created earlier - listing not yet up
894393425829,,,Awaiting OnBuy go-live (created earlier - listing not yet up
908317922094,PY6DZ2M,6a96ff7aacbbd8393001aff3,Awaiting OnBuy go-live (created earlier - listing not yet up
