sku,price,stock,condition,opc,gtin,date_last_created,product_title,suspended_reason,category,brand ID,brand name,GPSR Compliance Status,GPSR Non-Compliance Reason(s),GPSR Last Check
705271011242,0,0,New,PX9FKS2,7.05271E+11,21/07/2026 14:40,ThermoPro TP357 80M Smart Wireless Digital Thermometer Hygrometer Indoor Mini Room Thermometer Weather Station With Data,Price below minimum,4886,91701,ThermoPro,,,
147008785109,0,0,New,PXD9BNT,1.47009E+11,24/07/2026 14:11,Garden Lights-New Upgraded Solar Powered Firefly Lights Outdoor Waterproof Vibran Garden Lights for Decorationi,Price below minimum,9663,1224727,GCTECHING,,,
156957987908,0,0,New,PXD9BNV,1.56958E+11,24/07/2026 14:11,BL1830 18 LED Work Lights Lamp Spotlight Torch Portable Hand Lanterns for Makita 18V Li-ion Battery BL1860 BL1815 USB Power Bank,Price below minimum,9658,1224750,dawupine,,,
153270660914,0,0,New,PXD9BNW,1.53271E+11,24/07/2026 14:11,4PCS Solar Powered Ultrasonic Mouse Mole Repeller Rodent Deterrent Vibration Wave LED Lights For Yard Garden Park Farm Outdoor,Price below minimum,14082,1224742,DOUWENXI,,,
149674485734,0,0,New,PXD9BNX,1.49674E+11,24/07/2026 14:11,Projector Light Starry Sky Moon Colorful Strobe Light Night Lights USB Plug-in Party Decor Gift Kids Room Atmosphere Galaxy,Price below minimum,8041,1224727,GCTECHING,,,
151019976876,0,0,New,PXD9BP6,1.5102E+11,24/07/2026 14:11,Solar Powered Sunflower Light Outdoor Waterproof LED Ground Insert Lawn Lamp For Garden Lawn Courtyard Decoration,Price below minimum,9632,1224737,WPOSTAR,,,
150633365530,0,0,New,PXD9BP2,1.50633E+11,24/07/2026 14:11,Solar Motion Sensor Light Outdoor LED Waterproof Lawn Street Garden Villa Porch Wall Mounted and Plug-in Dual-Purpose Camping,Price below minimum,32511,1224733,Aurooso,,,
155327646551,0,0,New,PXD9BP9,1.55328E+11,24/07/2026 14:11,NATFIRE LV10 Camping Light USB C Rechargeable 230 Hours With 5 Colors Flashlight For Outdoor Tent Lamp Emergency Lantern,Price below minimum,9663,1224747,NATFIRE,,,
152620851934,0,0,New,PXD9BP8,1.52621E+11,24/07/2026 14:11,Water Ripple Projection Light 16 Color Night Light Rechargeable Remote Control Bedroom Living Room Party Atmosphere Decor Light,Price below minimum,12829,1224727,GCTECHING,,,
148543626582,0,0,New,PXD9BPC,1.48544E+11,24/07/2026 14:11,Transparent Luminous LED Night Lights USB Luminous Acrylic Night Light Erasable Write Message Board Calendar Desktop Ornaments,Price below minimum,9227,1224730,Ligghig,,,
147999257630,0,0,New,PXD9BPD,1.47999E+11,24/07/2026 14:11,1PC Sunset Light Projection Light With Remote Control 16-Color Night Light RGB Color Changing LED Light Bedroom photography prop,Price below minimum,11402,1224729,Htomaza,,,
156153038169,0,0,New,PXD9BPH,1.56153E+11,24/07/2026 14:11,Motion Sensor LED Backlight Toilet Projection Lamp Creative Toilet Mini Night Lamp Toilet Bowl Seat Sensor Lighting Lamp,Price below minimum,2460,1224748,SCOFUT,,,
147520447028,0,0,New,PXD9BPJ,1.4752E+11,24/07/2026 14:11,2M 20LEDs Cherry Blossom String Light Garland Artificial Flower Vines Fairy Lights for Bedroom Wedding Party Holiday Decoration,Price below minimum,18249,1224727,GCTECHING,,,
151323424711,0,0,New,PXD9BPN,1.51323E+11,24/07/2026 14:11,RGB Night Lights LED Projector Light Starry Moon Galaxy Projection Lamp 5V USB for Kids Present Christmas Gift Room Decorations,Price below minimum,9631,1224736,LINYILIGHT,,,
153187083356,0,0,New,PXD9BPM,1.53187E+11,24/07/2026 14:11,2Pcs Solar Outdoor Mole Groundhog Repellent Stakes Ultrasonic Gopher Repeller Vole Deterrent Waterproof Sonic Repellent Spikes,Price below minimum,14082,1224742,DOUWENXI,,,
154665693494,0,0,New,PXD9BPW,1.54666E+11,24/07/2026 14:12,Nordic Industrial Wall Lamp Iron Black E27 Indoor Lighting Bedside Bathroom Bedroom Lamp Sconce Wall Light Fixture Decor,Price below minimum,13709,1224746,ONEYLTT,,,
152903754587,0,0,New,PXD9BPV,1.52904E+11,24/07/2026 14:12,8 Modes of Solar Powered Fireworks Lights LED Stake Lights Garden Lawn Holiday Decoration Waterproof Outdoor Landscape Lights,Price below minimum,9632,1224727,GCTECHING,,,
145834464014,0,0,New,PXD9BPY,1.45834E+11,24/07/2026 14:12,EU Plug Motion Sensor Wall Lamp 220V 240V Up Down Night Light For Bedroom Staircase Hallway Toilet Warm White Lighting,Price below minimum,8036,1224725,GGBEE,,,
156653470872,0,0,New,PXD9BPX,1.56653E+11,24/07/2026 14:12,RGBIC Firework Strip Lights LED Bluetooth APP Control Neon Strip USB 5V Changing Smart Lamp Sync Music Bedroom Decor Dream Light,Price below minimum,5373,1224749,OSIDEN,,,
149170766870,0,0,New,PXD9BQ9,1.49171E+11,24/07/2026 14:12,Colorful LED Starry Sky Projector Galaxy Light Magic Ball Moon Star Night Light Bedroom Atmosphere Lamp For Home Decoration,Price below minimum,9631,1224732,saimili,,,
145401432941,0,0,New,PXD9BQB,1.45401E+11,24/07/2026 14:12,2025 350000LM Outdoor Solar Lights Motion Sensor Solar Waterproof Security Wall Lighting Garden Wall Courtyard Path Lighting,Price below minimum,25143,1224726,paweinuo,,,
149880965679,0,0,New,PXD9BQC,1.49881E+11,24/07/2026 14:12,Car Emergency Beacon Light USB Rechargeable Magnetic Induction Auto Strobe Flashing Warning Light Help Flash Safety Signal Lamp,Price below minimum,10526,1224734,ZSPQGD,,,
157032899635,0,0,New,PXD9BQD,1.57033E+11,24/07/2026 14:12,LED spiral dimmable table lamp suitable for living room bedroom study adjustable brightness bedside lamp for office and home use,Price below minimum,6975,1224751,KIQUNE,,,
177949468083,0,0,New,PXD9BQK,1.77949E+11,24/07/2026 14:12,Motorcycle Nut Removal Tool Black Double-Headed Clutch Lock Nut Wrench Moto Repair Tools For KTM Yamaha HONDA Suzuki Kawasaki,Price below minimum,10591,1224763,JFGRACING,,,
152780950362,0,0,New,PXD9BQQ,1.52781E+11,24/07/2026 14:12,Halloween USB Projector Light Skull NightLight Ghost LED Lamp 360Degree Rotating Switchable Pattern Design Dark & Night Ambiance,Price below minimum,8041,1224741,VENUSWING,,,
149760636804,0,0,New,PXD9BQV,1.49761E+11,24/07/2026 14:12,LED Wall Lamps 7W Cold White Warm White Waterproof Outdoor Interior Modern Nordic Square Wall Lights For Indoor Garden Corridors,Price below minimum,9656,1224729,Htomaza,,,
153042240832,0,0,New,PXD9BQR,1.53042E+11,24/07/2026 14:12,Solar LED Wheat Lamp Outdoor Waterproof Garden Decorative Landscape Lighting for Park Square Courtyard Decor,Price below minimum,5674,1224743,OPPSHINE,,,
159234390569,0,0,New,PXD9BQX,1.59234E+11,24/07/2026 14:12,1 Piece Romantic Heart-Shaped LED Projector Light USB Powered for Photography Background Party Bedroom Decor Ideal for Christmas,Price below minimum,11396,1224752,Huananlong,,,
183843039366,0,0,New,PXD9BR5,1.83843E+11,24/07/2026 14:12,"Car Glass Waterproof Paste Kit: Hydrophobic Anti-Rain/Anti-Fog Coating, Suitable for Car Windows, Mirrors & Bathroom Glass",Price below minimum,6501,1224770,LOORSAN,,,
154518940058,0,0,New,PXD9BR2,1.54519E+11,24/07/2026 14:12,Screen Hanging Light 30CM CCT Touch Dimmable Monitor Notebook Computer LED Monitor Light for Computer Study LED Table Lamp,Price below minimum,11628,1224744,FEICAN,,,
158482182551,0,0,New,PXD9BQZ,1.58482E+11,24/07/2026 14:12,LED Night light Silicone Rabbit Touch Sensor lamp Cute Animal Light Bedroom Decor Gift for Kid Baby Child Table Lamp Home Decor,Price below minimum,8036,1224756,FENGLAIYI,,,
179426327715,0,0,New,PXD9BR9,1.79426E+11,24/07/2026 14:12,Dual Head Offset Extension Wrench Multi Functional Tool with 1/2 1/4 3/8 Drive Adapters Universal for Tight Spaces,Price below minimum,32968,1224767,baolian,,,
174480622738,0,0,New,PXD9BRG,1.74481E+11,24/07/2026 14:12,T-type 3mm to 6mm hand tap wrench thread tapping tool set hand wrench thread tapping M6 to M8 tool set,Price below minimum,9920,1224759,Mr Drill,,,
159907829051,0,0,New,PXD9BRD,1.59908E+11,24/07/2026 14:12,Brushless Cordless Rotary Hammer Drill 18V SDS Plus Hammer Drill 4 Modes Selector fit Makita 18v Battery (No Battery),Price below minimum,8692,1224754,PT-CLUB,,,
159164480064,0,0,New,PXD9BRF,1.59164E+11,24/07/2026 14:12,Colorful Rabbit Night Lights for Children Baby Gifts Cartoon Cute Animal Bunny Lamp Christmas Decoration Kids Birthday Gift,Price below minimum,17975,1224755,lyfs,,,
173981643648,0,0,New,PXD9BRH,1.73982E+11,24/07/2026 14:12,4-Piece Set of Chrome Vanadium Steel Multi Piece Combination T-Shaped Socket Wrench for Automotive and Home Maintenance  Durable,Price below minimum,7969,1224757,oudisi,,,
159891511154,0,0,New,PXD9BRK,1.59892E+11,24/07/2026 14:12,Empty Drum Hammer Inspection Rod Telescopic Empty Drum Hammer Empty Drum Hammer Hammer Toolbox Jewelry Hammer Plastic Hamme,Price below minimum,2213,1224753,ausum,,,
183214895904,0,0,New,PXD9BRN,1.83215E+11,24/07/2026 14:12,"Quick Load Collapsible Detailing Caddy & Storage Organize (For Cars, Trucks, SUVs, RVs, Home, Workspace) Black HL085",Price below minimum,10531,1224768,JAKAH,,,
177310217050,0,0,New,PXD9BRM,1.7731E+11,24/07/2026 14:12,24 In 1 Multi-purpose Ratchet Wrench Screwdriver Set Magnetic Bits Tools Set DIY Household Repair Tool Precision Hand Tools Work,Price below minimum,12970,1224762,Galacok,,,
186376125278,0,0,New,PXD9BRP,1.86376E+11,24/07/2026 14:12,PD100W DIY Battery Charger Case Fast Charging for 4PCS 21700 Polymer 20000mA Battery Power Bank Box for Macbook Need Welding,Price below minimum,31606,1224772,LISCN,,,
179782050517,0,0,New,PXD9BRX,1.79782E+11,24/07/2026 14:12,"Pintudy Bicycle Torque Wrench Set 1/4"" 2-24Nm Dual Direction Bike Allen Key Tool Socket Preset Type Spanner Pro Repair Tool Kit",Price below minimum,10595,1224765,PINTUDY,,,
178898615634,0,0,New,PXD9BRW,1.78899E+11,24/07/2026 14:12,"Cordless Ratchet Wrench Upgraded Extended Head Removal Screw Nut 220N.m 3/8"" Electric Driver for Dewalt 18V 20V Battery pin",Price below minimum,11155,1224766,NeoPower,,,
173862157011,0,0,New,PXD9BRY,1.73862E+11,24/07/2026 14:12,Repair tool bathroom wrench adjustable large opening wrench kitchen bathroom pipe wrench manual tool power port wrench,Price below minimum,13168,1224757,oudisi,,,
187226021559,0,0,New,PXD9BS2,1.87226E+11,24/07/2026 14:12,1800Mbps WiFi 6 USB Adapter 5G/2.4GHz USB3.0 Wi-fi Dongle Wireless 802.11ax Network Card High Gain Antenna For Windows 10 11,Price below minimum,8456,1224773,WIFI FIY,,,
184447004347,0,0,New,PXD9BS5,1.84447E+11,24/07/2026 14:12,Beok Smart Home Tuya WIFI Thermostat Battery-powered Thermoregulator for Gas Boiler Smart Life Work with Alexa Google Home,Price below minimum,2196,1224771,beok,,,
179156290617,0,0,New,PXD9BS7,1.79156E+11,24/07/2026 14:12,Universal Wrench Extension Rod Torque Amplifier Leverage Tool Auto Maintenance Car Repair Mechanics Hand Tools,Price below minimum,10595,1224769,Besper,,,
153949955662,0,0,New,PXD9BS8,1.5395E+11,24/07/2026 14:12,Sunset projection light remote control 16 color atmosphere night light for bedroom decoration background wall photography props,Price below minimum,11402,1224729,Htomaza,,,
252785068427,0.01,0,New,PXGGPPQ,2.52785E+11,28/07/2026 10:54,4X LED Solar Power Ground Lights Floor Decking Outdoor Garden Lawn Path Lamps,Price below minimum,9660,1,Unbranded,,,
252752618914,0.01,0,New,PXGGPP2,2.52753E+11,28/07/2026 10:54,MPOW Wireless Bluetooth Mobile Phone Hands Free Earpiece Trucker Headphones Mic,Price below minimum,29814,12297,Mpow,,,
252592400113,0.01,0,New,PXGGPPT,2.52592E+11,28/07/2026 10:54,Solar Panel Charger for Eufy Eufycam Cam E/2C/2/2 Pro Camera 10W USB Type-C IP65,Price below minimum,31606,1,Unbranded,,,
253082811969,0.01,0,New,PXGGPPS,2.53083E+11,28/07/2026 10:54,HIFI Wireless Bluetooth 2 in1 Audio Transmitter and Receiver 3.5MM AUX Adapter,Price below minimum,11702,1,Unbranded,,,
258752382534,0.01,0,New,PXGGPSG,2.58752E+11,28/07/2026 10:54,HEAVY DUTY NON SLIP DOOR MAT HOME SEMI CIRCLE GRILL RUBBER NATURAL COCO 40 X 70,Price below minimum,7001,142418,NTI,,,
259266550679,0.01,0,New,PXGGPS6,2.59267E+11,28/07/2026 10:54,"NEW X-LARGE ORGANISER STORAGE BOX 18 COMPARTMENT, SECTION & REMOVABLE WALLS DIY",Price below minimum,8695,142418,NTI,,,
260245031584,0.01,0,New,PXGGPTF,2.60245E+11,28/07/2026 10:54,NEW 5KG KITCHEN SCALE WEIGHING COOKING FOOD WEIGHT ROUND MECHANICAL TRADITIONAL,Price below minimum,9114,142418,NTI,,,
278271393644,0,0,New,PXKYB6R,2.78271E+11,03/08/2026 9:10,Diplomat ADP8322 ADP8332 ADP8500 Dishwasher Circulation Pump Motor Genuine,Price below minimum,13836,2904,Whirlpool,,,
285220582141,0.01,0,New,PXKYBHH,2.85221E+11,03/08/2026 9:10,Bottle Shelf for Bosch KGN34 KGN36 KGN39 Fridge Door Bottom Tray Lower Rack,Price below minimum,13837,104563,MasterPart,,,
281066813029,0.01,0,New,PXKYBJD,2.81067E+11,03/08/2026 9:10,Bottle Shelf for Bosch KGV33 KGV36 KGV39 Fridge Door Bottom Tray Lower Rack,Price below minimum,13837,104563,MasterPart,,,
289693829864,16.98,5,New,PXKYBTP,2.89694E+11,03/08/2026 9:11,4X Duty Garden Metal Hanging Basket Brackets Plant Hanger Hook Wall Decor,Price below minimum,23639,1,Unbranded,,,
290174172072,0.01,0,New,PXKYBWK,2.90174E+11,03/08/2026 9:11,Vacuum Turbo Turbine Floor Tool Cleaner Head For Dyson DC20 DC22 DC23 DC23T2,Price below minimum,13827,1690,Qualtex,,,
293774953188,0.01,0,New,PXKYBZ2,2.93775E+11,03/08/2026 9:11,LOGIK Oven Door Handle Top Bar Black LBFANB16 Built In Single Oven Genuine Part,Price below minimum,13833,12317,Logik,,,
310463158362,0.01,0,New,PXKYCN9,3.10463E+11,03/08/2026 9:11,"Dishwasher Door Hinge Spring & Cable Repair Set for Bosch Neff, Siemens",Price below minimum,13836,36281,Siemens,,,
320932452334,0.01,0,New,PXKYD8H,3.20932E+11,03/08/2026 9:11,ieGeek 2K Doorbell Camera Wireless 180 Head to Toe View Video Doorbell，Alexa,Price below minimum,14892,24020,ieGeek,,,
323826685689,0.01,0,New,PXKYDBY,3.23827E+11,03/08/2026 9:11,"ieGeek 4G Magnetic No Wifi Security Camera, 2K CCTV Camera with Solar & Battery",Price below minimum,16184,24020,ieGeek,,,
329457156635,0.01,0,New,PXKYDMN,3.29457E+11,03/08/2026 9:11,electriQ 48 Litre Drinks Fridge – England Flag Design eiQENG48DF,Price below minimum,13837,224195,Electriq,,,
330435486224,0.01,0,New,PXKYDN8,3.30435E+11,03/08/2026 9:11,electriQ 80 Litre 70/30 Retro Freestanding Fridge Freezer – Cr eiQUCRETROFFCREAM,Price below minimum,13837,224195,Electriq,,,
336794506481,0.01,0,New,PXKYDTS,3.36795E+11,03/08/2026 9:11,11FT Stand Up Paddle Board Inflatable SUP Surfboard Kayak Seat Pump Paddle Blue,Price below minimum,27663,1,Unbranded,,,
336683116234,0.01,0,New,PXKYDTZ,3.36683E+11,03/08/2026 9:11,600L Large Car Roof Bag 500D PVC Watreproof Luggage Bag Rooftop Rack Box Blue,Price below minimum,10988,1,Unbranded,,,
338369601096,0.01,0,New,PXKYDVH,3.3837E+11,03/08/2026 9:11,Large 11FT Stand Up Paddle Board Inflatable SUP Surfboard Kayak Seat Pump Paddle,Price below minimum,27663,1,Unbranded,,,
338097478403,0.01,0,New,PXKYDVR,3.38097E+11,03/08/2026 9:11,Camping Cot Heavy-Duty Portable Camping Bed Folding Sleeping Bed with Mattress,Price below minimum,3914,1,Unbranded,,,
339770834929,0.01,0,New,PXKYDWF,3.39771E+11,03/08/2026 9:11,60L Portable Car Refrigerator Dual Zone Camping Fridge/Freezer -20C to 20C,Price below minimum,22339,1,Unbranded,,,
341503360827,0.01,0,New,PXKYDWX,3.41503E+11,03/08/2026 9:11,22kW Type 2 EV Charging Cable 32A 3 Phase Electric Car Fast Charger with Bag 7m,Price below minimum,11156,1,Unbranded,,,
341025549519,0.01,0,New,PXKYDXH,3.41026E+11,03/08/2026 9:11,Portable Folding Charcoal BBQ Grill Picnic Travel Camping Outdoor Barbecue Grill,Price below minimum,13922,1,Unbranded,,,
340168596817,0.01,0,New,PXKYDXK,3.40169E+11,03/08/2026 9:11,"UK PU 14"" BLACK Puncture Proof Solid 3.50-8 wheelbarrow wheel COMPLETE NEW",Price below minimum,14078,1,Unbranded,,,
343747177865,47.98,5,New,PXKYDYM,3.43747E+11,03/08/2026 9:11,Cordless Leaf Blower Suction Vacuum Snow Dust Air Blower with 2 Battery UK,Price below minimum,25134,1,Unbranded,,,
342518000289,18.54,5,New,PXKYDZG,3.42518E+11,03/08/2026 9:11,2X Ultrasonic Garden Deterrent Repeller Battery Animal Bird Scarer Pest Fox Dog,Price below minimum,14082,1,Unbranded,,,
344395739931,0.01,0,New,PXKYF2S,3.44396E+11,03/08/2026 9:11,Oscillating Lawn Sprinkler Watering Garden Pipe Hose Water Flow with 19 Jets,Price below minimum,8252,1,Unbranded,,,
359787755635,0,0,New,PXKYFDJ,3.59788E+11,03/08/2026 9:12,Hisense Hi6 BID914221ADBG Built-In Electric Double Oven - Black   BID914221ADBG,Price below minimum,13833,15210,Hisense,,,
363623341722,733.5,1,New,PXKYFHR,3.63623E+11,03/08/2026 9:12,Hisense RIB291F4AWE 50/50 54cm 50/50 Built In 50/50 Fridge Freezer White E,Price below minimum,13837,15210,Hisense,,,
365694608971,0.01,0,New,PXKYFJW,3.65695E+11,03/08/2026 9:12,Hisense RQ5P470SYID PureFlat 79cm Frost Free American Fridge Freezer Stainless,Price below minimum,13837,15210,Hisense,,,
366652877774,0.01,0,New,PXKYFKF,3.66653E+11,03/08/2026 9:12,Hisense RS694N4TZE 91cm Frost Free American Fridge Freezer Stainless Steel E,Price below minimum,13837,15210,Hisense,,,
365952435158,0.01,0,New,PXKYFKD,3.65952E+11,03/08/2026 9:12,Hisense RB435N4WFE 60/40 60cm 60/40 Free Standing 60/40 Fridge Freezer Black /,Price below minimum,13837,15210,Hisense,,,
366579385734,0.01,0,New,PXKYFKT,3.66579E+11,03/08/2026 9:12,Hisense RW12D4NWG0 Free Standing Wine Cooler Fits 30 Bottles Black G,Price below minimum,13410,15210,Hisense,,,
367686602417,778.5,5,New,PXKYFMC,3.67687E+11,03/08/2026 9:12,Hisense RB435N4BCE 60/40 60cm 60/40 Free Standing 60/40 Fridge Freezer,Price below minimum,26065,15210,Hisense,,,
367799600836,1180.5,5,New,PXKYFNW,3.678E+11,03/08/2026 9:12,Hisense RF632N4AFE2 PureFlat 70cm Frost Free American Fridge Freezer Black E,Price below minimum,13837,15210,Hisense,,,
369658408584,0,0,New,PXKYFPV,3.69658E+11,03/08/2026 9:12,Hisense RQ758N4SAFE PureFlat 91cm Frost Free American Fridge Freezer Black /,Price below minimum,13837,15210,Hisense,,,
372846225672,0,0,New,PXKYFT7,3.72846E+11,03/08/2026 9:12,Hisense WD3M841BWI Built In Washer Dryer 8Kg 1400 rpm White E Rated,Price below minimum,34741,15210,Hisense,,,
374015872397,0,0,New,PXKYFW6,3.74016E+11,03/08/2026 9:12,Beko CSG4582W 50/50 54cm 50/50 Free Standing 50/50 Fridge Freezer White E Rated,Price below minimum,18342,13049,Beko,,,
377517062259,0.01,0,New,PXKYG2B,3.77517E+11,03/08/2026 9:12,Beko CFG4552B 50/50 54cm 50/50 Free Standing 50/50 Fridge Freezer Black E Rated,Price below minimum,18342,13049,Beko,,,
377840619250,853.5,5,New,PXKYG6S,3.77841E+11,03/08/2026 9:12,Beko GN14790PX 70cm Frost Free American Fridge Freezer Brushed Steel E Rated,Price below minimum,18342,13049,Beko,,,
379648820661,463.5,0,New,PXKYG96,3.79649E+11,03/08/2026 9:12,Beko DVS04020S Dishwasher Slimline 45cm 10 Place Silver E,Price below minimum,17912,13049,Beko,,,
381453940113,0.01,0,New,PXKYGCN,3.81454E+11,03/08/2026 9:12,Beko CSG4582S 50/50 54cm 50/50 Free Standing 50/50 Fridge Freezer Silver E,Price below minimum,18342,13049,Beko,,,
380886748907,778.5,6,New,PXKYGCR,3.80887E+11,03/08/2026 9:12,Beko CNAD5692DVPZ 50/50 HarvestFresh AeroFlow 60cm 50/50 Free Standing 50/50,Price below minimum,7423,13049,Beko,,,
381704246001,0.01,0,New,PXKYGFB,3.81704E+11,03/08/2026 9:12,Beko BBIE12301XMP Built In 59cm Electric Single Oven Stainless Steel A,Price below minimum,11156,13049,Beko,,,
384624599769,0.01,0,New,PXKYGNJ,3.84625E+11,03/08/2026 9:13,Beko LSP4671W Free Standing Larder Fridge 367 Litres White E Rated,Price below minimum,7423,13049,Beko,,,
385752782481,0,0,New,PXKYGP9,3.85753E+11,03/08/2026 9:13,Beko LSP4579W Free Standing Fridge 309 Litres White E Rated,Price below minimum,7423,13049,Beko,,,
385011051204,778.5,5,New,PXKYGNZ,3.85011E+11,03/08/2026 9:13,Beko CNG4601DVPS 50/50 HarvestFresh 60cm 50/50 Free Standing 50/50 Fridge,Price below minimum,18342,13049,Beko,,,
385666426822,0,0,New,PXKYGQ6,3.85666E+11,03/08/2026 9:13,Beko FNP4686PS Free Standing 286 Litres Upright Freezer Stainless Steel E,Price below minimum,22335,13049,Beko,,,
386497214305,0.01,0,New,PXKYGRP,3.86497E+11,03/08/2026 9:13,Beko BDIN16440 HygieneShield Full Size Dishwasher Black C Rated,Price below minimum,36028,13049,Beko,,,
387733479670,673.5,5,New,PXKYGTM,3.87733E+11,03/08/2026 9:13,Beko WDIK854411F Built In Washer Dryer 8Kg 1400 rpm White D Rated,Price below minimum,34737,13049,Beko,,,
389487059184,0,0,New,PXKYGVR,3.89487E+11,03/08/2026 9:13,Beko BM3WT4941IW 9Kg Washing Machine White 1400 RPM A Rated,Price below minimum,26155,13049,Beko,,,
389822188517,0,0,New,PXKYGX6,3.89822E+11,03/08/2026 9:13,Beko BDIS38040Q HygieneIntense Dishwasher Slimline 45cm 10 Place Black C,Price below minimum,17912,13049,Beko,,,
391246986549,0,0,New,PXKYGYF,3.91247E+11,03/08/2026 9:13,Hotpoint H2FHL626XUK Full Size Dishwasher Stainless Steel E Rated,Price below minimum,35518,3929,Hotpoint,,,
391941695234,733.5,5,New,PXKYGZ7,3.91942E+11,03/08/2026 9:13,Hotpoint HDG5GCB Gas Cooker with Gas Hob 50cm Free Standing Black A+/A New,Price below minimum,17890,3929,Hotpoint,,,
391407524108,0,0,New,PXKYGZT,3.91408E+11,03/08/2026 9:13,Hotpoint HPKH 1261 W4UK 50/50 54cm 50/50 Free Standing 50/50 Fridge Freezer,Price below minimum,29227,3929,Hotpoint,,,
391877984785,643.5,1,New,PXKYGZY,3.91878E+11,03/08/2026 9:13,Hotpoint HPKH 1261W S5UK 50/50 54cm 50/50 Free Standing 50/50 Fridge Freezer,Price below minimum,13837,3929,Hotpoint,,,
391847152619,0.01,0,New,PXKYH2R,3.91847E+11,03/08/2026 9:13,Hotpoint HCW6O7HTSXUK 950 Watt 53 Litres Built In Microwave Stainless Steel,Price below minimum,22291,3929,Hotpoint,,,
392795237892,0.01,0,New,PXKYH5Y,3.92795E+11,03/08/2026 9:13,Hotpoint HPG2 6573W XP4UK VitalCare 91cm Frost Free American Fridge Freezer,Price below minimum,13837,3929,Hotpoint,,,
392541047805,0.01,0,New,PXKYH6B,3.92541E+11,03/08/2026 9:13,Hotpoint HTG5GCWL Gas Cooker with Gas Hob 50cm Free Standing White A+/A New,Price below minimum,13885,3929,Hotpoint,,,
392867625381,0.01,0,New,PXKYH6D,3.92868E+11,03/08/2026 9:13,Hotpoint HDE6VDCAX 60cm Free Standing Electric Cooker with Ceramic Hob,Price below minimum,13885,3929,Hotpoint,,,
393651888074,0.01,0,New,PXKYH76,3.93652E+11,03/08/2026 9:13,Hotpoint HTSD18A011A1 Built In Larder Fridge 318 Litres White E Rated,Price below minimum,13837,3929,Hotpoint,,,
394610326224,0.01,0,New,PXKYH9G,3.9461E+11,03/08/2026 9:13,Hotpoint HP2FE10CS90SUK Dishwasher Slimline 45cm 10 Place Silver E,Price below minimum,17912,3929,Hotpoint,,,
395328682053,0.01,0,New,PXKYHB2,3.95329E+11,03/08/2026 9:13,Hotpoint HPKF 6353 XP4UK 50/50 VitalCare 60cm 50/50 Free Standing 50/50 Fridge,Price below minimum,13837,3929,Hotpoint,,,
395813310119,0.01,0,New,PXKYHBS,3.95813E+11,03/08/2026 9:13,Hotpoint HPMFF 6312 W4UK Free Standing 286 Litres Upright Freezer White E,Price below minimum,22335,3929,Hotpoint,,,
395673846155,0.01,0,New,PXKYHBY,3.95674E+11,03/08/2026 9:13,Hotpoint HDD6GDC2WX Free Standing Dual Fuel Cooker with Gas Hob 60cm Stainless,Price below minimum,13885,3929,Hotpoint,,,
396189712972,0,0,New,PXKYHCM,3.9619E+11,03/08/2026 9:13,Hotpoint HPKH 1261 S4UK 50/50 54cm 50/50 Free Standing 50/50 Fridge Freezer,Price below minimum,29227,3929,Hotpoint,,,
397114288081,613.5,5,New,PXKYHDS,3.97114E+11,03/08/2026 9:13,Hotpoint HPKS 1262 B4UK 50/50 54cm 50/50 Built In 50/50 Fridge Freezer White E,Price below minimum,29227,3929,Hotpoint,,,
397564057565,0.01,0,New,PXKYHDT,3.97564E+11,03/08/2026 9:13,Hotpoint HP2FE10CS90BUK Dishwasher Slimline 45cm 10 Place Black E,Price below minimum,17912,3929,Hotpoint,,,
398348405220,0.01,0,New,PXKYHG2,3.98348E+11,03/08/2026 9:13,Hotpoint H3FC14BN7AWUK Full Size Dishwasher White C Rated,Price below minimum,35518,3929,Hotpoint,,,
398507794783,0.01,0,New,PXKYHGG,3.98508E+11,03/08/2026 9:13,Hotpoint HDE6IDC2X 60cm Free Standing Electric Cooker with Induction Hob,Price below minimum,13885,3929,Hotpoint,,,
399342788531,0.01,0,New,PXKYHGX,3.99343E+11,03/08/2026 9:13,Hotpoint HPM K12C XUK 750 Watt 22 Litres Built In Microwave Stainless Steel,Price below minimum,22291,3929,Hotpoint,,,
398537683422,0.01,0,New,PXKYHHR,3.98538E+11,03/08/2026 9:13,Hotpoint HPKF 6353 XBR4UK 50/50 VitalCare 60cm 50/50 Free Standing 50/50 Fridge,Price below minimum,13837,3929,Hotpoint,,,
400443882513,0.01,0,New,PXKYHJ5,4.00444E+11,03/08/2026 9:13,Hotpoint NDB9635BSUK Free Standing Washer Dryer 9Kg 1400 rpm Black D Rated,Price below minimum,34735,3929,Hotpoint,,,
401645608765,0.01,0,New,PXKYHKT,4.01646E+11,03/08/2026 9:13,LG 55UA74006LB 55 4K Ultra HD Smart TV – AI Processor HDR10 Pro & we 55UA74006LB,Price below minimum,22427,1399,LG,,,
403924443982,0.01,0,New,PXKYHNB,4.03924E+11,03/08/2026 9:13,PU Wheelbarrow Wheel 14 inch 3.50-8 Puncture Proof Solid Heavy Duty Tyre Black,Price below minimum,28906,420109,Cisivis,,,
403904866787,18.54,0,New,PXKYHNW,4.03905E+11,03/08/2026 9:13,14pcs Camping Cookware Set Hiking Picnic Cooking Bowl Pot Pan Knife Spoon Kit UK,Price below minimum,7577,1,Unbranded,,,
404518871839,0.01,0,New,PXKYHPC,4.04519E+11,03/08/2026 9:13,Mosquito Insect Killer Light Electric Bug Fly Pest Zapper Trap Catcher UV Lamp,Price below minimum,31626,1,Unbranded,,,
404322524075,0.01,0,New,PXKYHPD,4.04323E+11,03/08/2026 9:13,SHARP 50'' 4K Smart TV TiVo 50GM6245K 50 Inch Ultra HD QLED Quantum Dot UHD,Price below minimum,11523,3309,Sharp,,,
404912858368,0.01,0,New,PXKYHPT,4.04913E+11,03/08/2026 9:13,HP OfficeJet Pro 8125e A4 Colour Multifunction Inkjet Printer with HP+ and 3,Price below minimum,8430,1393,HP,,,
404348258930,0.01,0,New,PXKYHQM,4.04348E+11,03/08/2026 9:13,SHARP 50GK4245K 50 Inch 4K Ultra HD TiVo Smart LED TV Frameless,Price below minimum,14934,3309,Sharp,,,
406198357740,0.01,0,New,PXKYHRG,4.06198E+11,03/08/2026 9:13,"HP OmniBook X Flip 2-in-1 Next Gen AI Laptop - AMD Ryzen AI 7, 16GB, 1TB,",Price below minimum,31816,1393,HP,,,
406345495646,0.01,0,New,PXKYHRQ,4.06345E+11,03/08/2026 9:13,"HP Series 5 27"" FHD Monitor with Speakers - 527sa",Price below minimum,7014,1393,HP,,,
409242306664,0.01,0,New,PXKYHTB,4.09242E+11,03/08/2026 9:13,"HP OmniBook 7 17"" Next Gen AI Laptop - Intel Core Ultra 5, 16GB, 512GB,",Price below minimum,31816,1393,HP,,,
410433923430,0.01,0,New,PXKYHVQ,4.10434E+11,03/08/2026 9:13,HyperX CloudX Stinger 2 Core Gaming Headsets Xbox White,Price below minimum,26830,1393,HP,,,
413271193539,0.01,0,New,PXKYHY6,4.13271E+11,03/08/2026 9:13,"HP OmniBook 7 14"" AI Laptop - Intel Core Ultra 7, 16GB, 1TB",Price below minimum,31816,1393,HP,,,
413287621088,0.01,0,New,PXKYHYR,4.13288E+11,03/08/2026 9:13,"HP Omnibook X Flip 14"" Next Gen AI Laptop - AMD Ryzen AI 7, 16GB, 512GB,",Price below minimum,31816,1393,HP,,,
415230856219,0.01,0,New,PXKYJ2X,4.15231E+11,03/08/2026 9:13,"HP ProBook 460 G11 - Intel Core Ultra 5, 16"", 16GB, 512GB, Business Laptop",Price below minimum,31816,1393,HP,,,
421399479695,0.01,0,New,PXKYJBR,4.21399E+11,03/08/2026 9:14,HP OmniBook 7 Laptop AI 14-fr0003nax,Price below minimum,31816,1393,HP,,,
421554482690,0.01,0,New,PXKYJCX,4.21554E+11,03/08/2026 9:14,HP 320MK Wired Desktop Mouse and Keyboard Combo (For Business),Price below minimum,8393,1393,HP,,,
423633526257,0.01,0,New,PXKYJFW,4.23634E+11,03/08/2026 9:14,HyperX USB-C Coiled Cable Light Blue-White,Price below minimum,12328,1393,HP,,,
423865536222,0.01,0,New,PXKYJH9,4.23866E+11,03/08/2026 9:14,HP Keyboard Wired 150,Price below minimum,7969,1393,HP,,,
426089967377,0.01,0,New,PXKYJKH,4.2609E+11,03/08/2026 9:14,HP Headset Stereo USB G2,Price below minimum,11738,1393,HP,,,
424278200724,0.01,0,New,PXKYJKK,4.24278E+11,03/08/2026 9:14,"HP OmniBook X Flip 14"" 2-in-1 Next Gen AI Laptop - AMD Ryzen AI 5, 16GB, 512GB,",Price below minimum,31816,1393,HP,,,
428143387831,0.01,0,New,PXKYJMW,4.28143E+11,03/08/2026 9:14,"Victus 15"" Gaming Laptop - AMD Ryzen 7, 16GB, 1TB, NVIDIA GeForce RTX 4050,",Price below minimum,31816,1393,HP,,,
428062012883,0.01,0,New,PXKYJPF,4.28062E+11,03/08/2026 9:14,HP 475 Dual-Mode Compact  Wireless Keyboard - Up To 24 Months Battery Life,Price below minimum,7969,1393,HP,,,
435041280072,0,0,New,PXKYJQW,4.35041E+11,03/08/2026 9:14,International Universal Travel Power Adapter Convertor Plug Power US/UK/AU/EU UK,Price below minimum,32428,1,Unbranded,,,
432620339763,0,0,New,PXKYJRM,4.3262E+11,03/08/2026 9:14,"HP USB External DVDRW Drive, 9.5mm ultra thin profile",Price below minimum,11622,1393,HP,,,
433599558971,0,0,New,PXKYJS6,4.336E+11,03/08/2026 9:14,"HP 14"" Chromebook 4 GB RAM 128GB Intel Processor N-series ChromeOS - Grey 14",Price below minimum,7701,1231920,HP Westcoast,,,
435031490405,55.98,5,New,PXKYJTZ,4.35031E+11,03/08/2026 9:14,Personal Portable CD Player MP3 Denver DMP-391 Auto Resume for Audio Books,Price below minimum,9503,32728,Denver,,,
443782175762,0.01,0,New,PXKYK6F,4.43782E+11,03/08/2026 9:14,Power Dynamics PD800 In Ear Monitor System - Wireless Sound for Musicians,Price below minimum,17838,31442,Power Dynamics,,,
457979509506,63.92,10,New,PXKYKTW,4.5798E+11,03/08/2026 9:14,Power Dynamics PDX30 Active DI Box 2-Channel Audio Interface Stereo,Price below minimum,6579,31442,Power Dynamics,,,
466732593423,0.01,0,New,PXKYM5W,4.66733E+11,03/08/2026 9:14,"REDTIGER 2.5K Dash Camera 3 Channel Dash Cam, 3"" Touch Screen with Hardware kit",Price below minimum,13089,411620,REDTIGER,,,
465791102096,164.85,2,New,PXKYM6T,4.65791E+11,03/08/2026 9:14,"Power Dynamics DS50AW Wall Mount Audio System with Bluetooth 5.25"" Speakers",Price below minimum,17835,31442,Power Dynamics,,,
472562787390,0,0,New,PXKYMGJ,4.72563E+11,03/08/2026 9:14,24L Portable Toilet Flushing Chemical Toilet Potty Camping Caravan Easy Clear UK,Price below minimum,12312,1,Unbranded,,,
472172559417,0,0,New,PXKYMHM,4.72173E+11,03/08/2026 9:14,360 4 Channel 1080P HD Car Dash Cam Front and Rear Left Right Camera +64G Card,Price below minimum,9504,1,Unbranded,,,
472523748675,0,0,New,PXKYMJ2,4.72524E+11,03/08/2026 9:14,Centra 42 inch Trampoline Handrail Rebounder Folding Fitness Exercise Home Tool,Price below minimum,4086,1,Unbranded,,,
309649731024,0.01,0,New,PXM5NKV,3.0965E+11,03/08/2026 11:37,Hotpoint WM61P WM61PE WM61X Washing Machine Door Hinge & Bearings,Price below minimum,13821,1232115,Hotpoint Compatible,,,
382733150130,0.01,0,New,PXQQN7S,3.82733E+11,10/08/2026 14:53,Beko KSG580W Gas Cooker with Gas Hob 50cm Free Standing White A New,Price below minimum,18340,13049,Beko,,,
424387923828,0.01,0,New,PXQQN7W,4.24388E+11,10/08/2026 14:53,HP Portable USB-C 4K HDMI Hub,Price below minimum,14245,1393,HP,,,
284826138745,0.01,0,New,PXQQN87,2.84826E+11,10/08/2026 14:53,"LCD 6"" 150mm Digital Vernier Caliper Micrometer Gauge Accurate Measurement Tool",Price below minimum,23464,146963,Unbranded/Generic,,,
659682970097,0,0,New,PXQQNDH,6.59683E+11,10/08/2026 14:53,3Pcs 66L Folding Storage Box Made of Thick Fabric Steel Frame Wardrobe Organizer,Price below minimum,25240,1,Unbranded,,,
665646581544,0.01,0,New,PXQQNGT,6.65647E+11,10/08/2026 14:53,New Car Dash Camera Front Cam HD 1080P Security DVR Recorder Night Vision UK,Price below minimum,31737,1,Unbranded,,,
666127008529,17.98,5,New,PXQQNHN,6.66127E+11,10/08/2026 14:53,Ryanair 45L 55x40x20 cm Cabin Approved Carry On Hand Luggage Flight Holdall Bag,Price below minimum,9691,144014,SPP,,,
665684302415,0.01,0,New,PXQQNHZ,6.65684E+11,10/08/2026 14:54,Foldable Quadcopter With 3 Batteries LS-E525 4K Drone Dual HD Camera Drones WiFi,Price below minimum,14892,1,Unbranded,,,
691787522641,0.01,0,New,PXQQNTW,6.91788E+11,10/08/2026 14:54,Wifi 1080P Car Dual Lens Dash Cam Recorder Front Rear Inside Camera Night Vision,Price below minimum,11390,103528,Dual,,,
698710921403,0,0,New,PXQQNXH,6.98711E+11,10/08/2026 14:54,Nobsound Bluetooth 5.0 Digital Amplifier Class D HiFi Stereo Desktop Audio Amp,Price below minimum,11474,190480,Douk Audio,,,
713317467625,0,0,New,PXS6NYT,7.13317E+11,14/08/2026 19:17,Vacuum Cleaner Head Turbo Turbine Brush Tool For Dyson DC32 DC33,Price below minimum,18448,4903,Dyson,,,
726356784325,0.01,0,New,PXS7QRK,7.26357E+11,14/08/2026 22:03,Portable Solar Radio Rechargeable Battery AM FM Short-wave MP3 Bluetooth USB,Price below minimum,8698,254224,Coopers of Stortford,,,
727699898847,0,0,New,PXS7QVG,7.277E+11,14/08/2026 22:04,Portable Solar Radio Rechargeable Battery AM FM Short-wave MP3 Bluetooth USB,Price below minimum,8698,254224,Coopers of Stortford,,,
741377645905,0,0,New,PXTQ2MR,7.41378E+11,15/08/2026 23:40,DVD Player Region Free with Remote Control USB Multi Region & HDMI/AV Cable | UK,Price below minimum,9357,1,Unbranded,,,
743467756508,0,0,New,PXTXPN2,7.43468E+11,16/08/2026 1:56,21V Cordless Jet Washer Gun 2 Batteries Rechargeable Car Garden Cleaner UK Stock,Price below minimum,29254,1232255,Civis,,,
711087141844,0,0,New,PXVJYYZ,7.11087E+11,16/08/2026 22:30,2 in 1 Upright & HandHeld Bagless Compact Lightweight 800w Vacuum Cleaner Hoover,Price below minimum,13827,1,Unbranded,,,
256798498400,0,0,New,PXVYNWM,2.56798E+11,17/08/2026 8:49,"Tydi Shoe Storage Box – Ultra-Stiff Large Shoe Organiser with Clear Zip Cover, T",Price below minimum,8695,411621,Tydi,,,
753752505513,0,0,New,PXVYPDC,7.53753E+11,17/08/2026 8:51,Fuji Fujicolor Fujifilm 200 EC Film Pack 135 36 Exposures (UK Stock) BNIB 08/25,Price below minimum,11429,3233,Fujifilm,,,
753765942282,0,0,New,PXVYPDS,7.53766E+11,17/08/2026 8:51,Fuji Fujifilm PROVIA 100F 135mm E6 Reversal Slide Film 36exp - Dated 02/2028 UK,Price below minimum,11429,3233,Fujifilm,,,
771420197921,0,0,New,PXX7HJ6,7.7142E+11,18/08/2026 12:35,2x Lymphatic Drainage Face Brush Facial Massage Dry Body Brush Jawline Sculpting,Price below minimum,32975,1,Unbranded,,,
787104494569,0,0,New,PXXHVHZ,7.87104E+11,19/08/2026 21:37,Unlocked 7.3 Inch Android Mobile Phone Dual SIM 16GB RAM 1TB ROM BLACK,Price below minimum,11541,1,Unbranded,,,
787143343026,0,0,New,PXXHVJ2,7.87143E+11,19/08/2026 21:38,Unlocked 7.3 Inch Android Mobile Phone Dual SIM 16GB RAM 1TB ROM New from UK,Price below minimum,16193,1,Unbranded,,,
797861343420,0,0,New,PXXKGDK,7.97861E+11,20/08/2026 4:21,"Greek Yoghurt Maker Machine – with Strainer & Recipes Included, 1.8L, VonShef",Price below minimum,22325,49010,VonShef,,,
798332367013,0,0,New,PXXKGFB,7.98332E+11,20/08/2026 4:21,VonShef Food Dehydrator 5 Tier 250W - Adjustable Temperature Control 40-70C,Price below minimum,6941,49010,VonShef,,,
799022211241,0,0,New,PXXKGFK,7.99022E+11,20/08/2026 4:22,"Electric Wok Non-Stick – VonShef 5L Electric Frying Pan w/ Lid, 4 Temps – 1400W",Price below minimum,13887,49010,VonShef,,,
799736713949,0,0,New,PXXKGFW,7.99737E+11,20/08/2026 4:22,Stainless Steel Potato Ricer Masher with Silicone Handle Food Grade Potato Press,Price below minimum,13445,49010,VonShef,,,
800515325625,0,0,New,PXXKGGT,8.00515E+11,20/08/2026 4:22,"24 Cupcake Muffin Carrier, VonShef Clear 2 Tier Stackable Cake Caddy w/ Handle",Price below minimum,13872,49010,VonShef,,,
801189346640,0,0,New,PXXKGGY,8.01189E+11,20/08/2026 4:22,"VonShef 17pc Pots and Pans Set, Non-Stick cookware with Utensils & Accessories",Price below minimum,13340,49010,VonShef,,,
801306410704,0,0,New,PXXKGGZ,8.01306E+11,20/08/2026 4:22,"Roll-Top Cooler Backpack, 26L Picnic Bag with Removeable Insulated Cool Insert",Price below minimum,3376,49010,VonShef,,,
801460264946,0,0,New,PXXKGH5,8.0146E+11,20/08/2026 4:22,"Picnic Backpack with Blanket, 2 Person Picnic Rucksack & Dining Set - VonShef",Price below minimum,3376,49010,VonShef,,,
801572118540,0,0,New,PXXKGH8,8.01572E+11,20/08/2026 4:22,"36 Cupcake Muffin Carrier, VonShef Blue 3 Tier Stackable Cake Caddy w/ Handle",Price below minimum,13872,49010,VonShef,,,
801768359665,0,0,New,PXXKGH9,8.01768E+11,20/08/2026 4:22,Electric Knife Sharpener 60W - VonShef Tools Sharpener /w Screwdriver Sharpening,Price below minimum,13871,49010,VonShef,,,
802294737255,0,0,New,PXXKGHK,8.02295E+11,20/08/2026 4:22,"Jam Preserving Kit inc 9L Maslin Pan, Jars, Funnel, Thermometer & Spoon, Vonshef",Price below minimum,17764,49010,VonShef,,,
802574645591,0,0,New,PXXKGHM,8.02575E+11,20/08/2026 4:23,"Small Rice Cooker 0.3L - VonShef Electric Rice Steamer for 2, Non Stick - 200W",Price below minimum,13873,49010,VonShef,,,
802882538660,0,0,New,PXXKGHS,8.02883E+11,20/08/2026 4:23,VonShef Double Induction Hob 2800W - Timer | 10 Heat Settings | 60-240C,Price below minimum,17891,49010,VonShef,,,
803248212965,0,0,New,PXXKGHX,8.03248E+11,20/08/2026 4:23,VonShef 3 Tier Pink Cupcake Holder and Cake Storage Carrier Box Container,Price below minimum,6439,49010,VonShef,,,
805033051292,0,0,New,PXXKGJQ,8.05033E+11,20/08/2026 4:23,"147x180cm Picnic Blanket, 6 Person Outdoor Picnic Rug, Travel Blanket, Vonshef",Price below minimum,8702,49010,VonShef,,,
805217893274,0,0,New,PXXKGJV,8.05218E+11,20/08/2026 4:23,"200x220cm Picnic Blanket, 8 Person Outdoor Picnic Rug, Travel Blanket, Vonshef",Price below minimum,8702,49010,VonShef,,,
806077705516,0,0,New,PXXKGJY,8.06078E+11,20/08/2026 4:23,"Kettle & Toaster Set Cream, 1.7L Kettle 3000W & 2 Slice Toaster 850W, VonShef",Price below minimum,23011,49010,VonShef,,,
806498053586,0,0,New,PXXKGK6,8.06498E+11,20/08/2026 4:23,"Picnic Blanket, 8 Person Large Blue Herringbone Picnic Rug Travel Mat, VonShef",Price below minimum,25701,49010,VonShef,,,
806664633239,0,0,New,PXXKGKD,8.06665E+11,20/08/2026 4:23,"8 Piece Pan Set, Granite Stainless Steel Pan Set, Suitable For All Hob Types",Price below minimum,13833,49010,VonShef,,,
831755657061,0,0,New,PXXM2TX,8.31756E+11,20/08/2026 6:37,VonShef Plate Warmer Electric – 12 Plate Heater for Warming Dinner Plates,Price below minimum,7234,49010,VonShef,,,
831961752864,0,0,New,PXXM2V7,8.31962E+11,20/08/2026 6:38,"3L Airpot Drinks Carafe, VonShef Insulated Vacuum Pump Tea & Coffee Dispenser",Price below minimum,13849,49010,VonShef,,,
832555329318,0,0,New,PXXM2VY,8.32555E+11,20/08/2026 6:41,VonShef Slow Cooker 6.5L - Removable Non-stick Ceramic Bowl & Tempered Glass Lid,Price below minimum,2576,49010,VonShef,,,
833278098802,0,0,New,PXXM2W6,8.33278E+11,20/08/2026 6:42,Vonshef Food Warmer 4 Tray – 7.2L Table Top Electric Buffet Server 300W,Price below minimum,13885,49010,VonShef,,,
806804230861,0,0,New,PXXXYPX,8.06804E+11,21/08/2026 10:13,VonShef Popcorn Machine Retro 1200W - One Touch Popcorn Maker with 6 Boxes - Red,Price below minimum,7638,49010,VonShef,,,
806898688227,0,0,New,PXXXYR5,8.06899E+11,21/08/2026 10:13,VonShef Electric 16 Egg Boiler Steamer Poacher Cooker Omelette Maker 500W,Price below minimum,13339,49010,VonShef,,,
807577321725,0,0,New,PXXXYSZ,8.07577E+11,21/08/2026 10:14,3 in 1 Waffle Maker - VonShef Brownie & Doughnut Maker with Removable Plates,Price below minimum,9381,49010,VonShef,,,
808909170738,0,0,New,PXXXYXG,8.08909E+11,21/08/2026 10:15,"Kettle & Toaster Set Cream, 1.7L Kettle 3000W & 4 Slice Toaster 1500W, VonShef",Price below minimum,25718,49010,VonShef,,,
809498635721,0,0,New,PXXXYXT,8.09499E+11,21/08/2026 10:16,"Defrosting Tray, Aluminium Meat Thaw Plate with Grooves & Spill-Proof Border",Price below minimum,9096,49010,VonShef,,,
809669060840,0,0,New,PXXXYZS,8.09669E+11,21/08/2026 10:16,"VonShef Digital 23L Microwave, 1.7L Kettle & Toaster 4 Slice Kicthen Set - Fika",Price below minimum,27660,49010,VonShef,,,
811095789202,0,0,New,PXXXZ5B,8.11096E+11,21/08/2026 10:17,"147x180cm Picnic Blanket, 6 Person Outdoor Picnic Rug, Travel Blanket, Vonshef",Price below minimum,8702,49010,VonShef,,,
811343695019,0,0,New,PXXXZ5R,8.11344E+11,21/08/2026 10:17,"VonShef Kettle, Toaster & Microwave Set – Nordic Design, Fika Range",Price below minimum,27660,49010,VonShef,,,
811653332109,0,0,New,PXXXZ5X,8.11653E+11,21/08/2026 10:18,Single Induction Hob 2000W – VonShef Portable Induction Cooker 60-240C - Black,Price below minimum,17891,49010,VonShef,,,
811716348306,0,0,New,PXXXZ62,8.11716E+11,21/08/2026 10:18,VonShef Pasta Spaghetti Drying Rack Stand Italian Style Collapsible Wooden,Price below minimum,17770,49010,VonShef,,,
811793685011,0,0,New,PXXXZ65,8.11794E+11,21/08/2026 10:18,"147x180cm Picnic Blanket, 6 Person Outdoor Picnic Rug, Travel Blanket, Vonshef",Price below minimum,8702,49010,VonShef,,,
812279196953,0,0,New,PXXXZ82,8.12279E+11,21/08/2026 10:19,"200x300cm Picnic Blanket, 10 Person Outdoor Picnic Rug, Travel Blanket, Vonshef",Price below minimum,8702,49010,VonShef,,,
812525158339,0,0,New,PXXXZ87,8.12525E+11,21/08/2026 10:19,"16pc Black Dinner Set, 4 Person Matte Black Dinnerware Set of 16 Pieces",Price below minimum,29065,49010,VonShef,,,
812972316641,0,0,New,PXXXZ8H,8.12972E+11,21/08/2026 10:19,VonShef Electric XXL Teppanyaki Table Top Grill Griddle Plate BBQ - 90x23cm,Price below minimum,2578,49010,VonShef,,,
812996055410,0,0,New,PXXXZ8S,8.12996E+11,21/08/2026 10:19,"Cast Iron Griddle Pan, 10"" Pre-seasoned Non-stick Frying Pan, Vonshef",Price below minimum,13343,49010,VonShef,,,
813783473462,0,0,New,PXXXZBY,8.13783E+11,21/08/2026 10:19,"VonShef Kettle and Toaster Set - 1.7L Kettle & 4 Slice Wide Slot Toaster, Grey",Price below minimum,25718,49010,VonShef,,,
814028700848,0,0,New,PXXXZC9,8.14029E+11,21/08/2026 10:19,VonShef Induction Hob Converter - Adapter for Moka Pots & Coffee Makers,Price below minimum,22325,49010,VonShef,,,
814131585745,0,0,New,PXXXZCF,8.14132E+11,21/08/2026 10:19,"Picnic Blanket, 6 Person Blue Herringbone Picnic Rug Travel Mat, VonShef",Price below minimum,8702,49010,VonShef,,,
814382805951,0,0,New,PXXXZCM,8.14383E+11,21/08/2026 10:19,"Picnic Blanket, 10 Person Extra Large Blue Herringbone Picnic Rug, VonShef",Price below minimum,25701,49010,VonShef,,,
814396892848,0,0,New,PXXXZCN,8.14397E+11,21/08/2026 10:19,VonShef Stainless Steel Water Pitcher Jug Carafe 1.7L Kitchen Silver Ice Guard,Price below minimum,9111,49010,VonShef,,,
814993293734,0,0,New,PXXXZDY,8.14993E+11,21/08/2026 10:20,"8 Piece Pan Set, Copper Stainless Steel Pan Set, Suitable For All Hob Types",Price below minimum,13833,49010,VonShef,,,
815098873708,0,0,New,PXXXZF2,8.15099E+11,21/08/2026 10:20,Raclette Grill Electric – Raclette Machine for 8 with 2 Non-Stick Plates – 1200W,Price below minimum,2578,49010,VonShef,,,
815474567283,0,0,New,PXXXZH8,8.15475E+11,21/08/2026 10:20,"200x220cm Picnic Blanket, 8 Person Outdoor Picnic Rug, Travel Blanket, Vonshef",Price below minimum,8702,49010,VonShef,,,
833932017286,0,0,New,PXXYMZN,8.33932E+11,21/08/2026 14:07,"VonShef Non-Stick Wok w/Glass Lid, Aluminium Non-Stick Frying Pan 28cm Diameter",Price below minimum,13344,49010,VonShef,,,
843231015128,137.58,5,New,PXY8YT5,8.43231E+11,22/08/2026 3:58,UK OUKITEL OT6 10.1 Inch Tablet 16GB+64GB 10.1Inch Android 14 Wifi 6 8000mAh UK,Price below minimum,11631,54936,OUKITEL,,,
843306281946,30.38,10,New,PXY8YT8,8.43306E+11,22/08/2026 3:59,Oukitel Smart Watch Touch Screen Bluetooth Call Fitness Tracker Heart Rate UK,Price below minimum,11523,54936,OUKITEL,,,
771952305290,27.18,5,New,PXY8YWF,7.71952E+11,22/08/2026 4:00,Sponge Mop Floor Cleaner Self Wringer Mop With 1 Extra Head Telescopic Handle,Price below minimum,32206,1,Unbranded,,,
773399428761,15.98,5,New,PXY8YWW,7.73399E+11,22/08/2026 4:03,Electronic 50KG Digital Weighing Luggage Scales Handheld Travel Suitcase Bags,Price below minimum,11919,1,Unbranded,,,
844202819608,8.54,7,New,PXYB5MD,8.44203E+11,22/08/2026 9:37,Front Car Windscreen Sun Shield Shades Protect Window UV Block Screen Heat Wind~,Price below minimum,4713,1,Unbranded,,,
844425448937,9.38,10,New,PXYB5MF,8.44425E+11,22/08/2026 9:38,Adjustable Shower Head 3 Mode Rainfall Large Flow Showerhead High Pressure~UK,Price below minimum,5429,1,Unbranded,,,
844516528180,4.4,10,New,PXYB5MG,8.44517E+11,22/08/2026 9:38,5x Pruner Replacement Springs For Garden Secateur Shear Pruner Stainless Steel,Price below minimum,14060,1,Unbranded,,,
844589791191,0,0,New,PXYB5MH,8.4459E+11,22/08/2026 9:38,"Universal Clip-on PU Leather Cup Holder For Car Doors, Seat Backs Black",Price below minimum,10532,1,Unbranded,,,
844777762903,7.5,5,New,PXYB5MJ,8.44778E+11,22/08/2026 9:38,Auto Car Ashtray Cigarette Cup Ash Holder Lid Portable Detachable,Price below minimum,10811,1,Unbranded,,,
844890000616,7.3,5,New,PXYB5MK,8.4489E+11,22/08/2026 9:38,Adjustable Bracket Suction Shower Head Handset Holder Kit Bathroom Wall Mount UK,Price below minimum,13654,1,Unbranded,,,
844948927087,7.98,8,New,PXYB5MN,8.44949E+11,22/08/2026 9:38,30 Pack Kitchen Cleaning Sponges Scourers Washing Up Non-Scratch for Dish Pad,Price below minimum,4813,1,Unbranded,,,
844980142097,8.5,10,New,PXYB5MP,8.4498E+11,22/08/2026 9:38,Black Headphone Storage Bag Universal Headset Hard Carrying Box Earphone Case,Price below minimum,20170,1,Unbranded,,,
844981887706,6.7,5,New,PXYB5MR,8.44982E+11,22/08/2026 9:38,Flea Ticks Lice Comb for Dogs Cats Rabbits Grooming Tool Coat Care,Price below minimum,18067,1,Unbranded,,,
844994660266,13.58,8,New,PXYB5MS,8.44995E+11,22/08/2026 9:38,Motorcycle Leg Bag Waterproof Hard Shell Thigh Waist Pack for Motorbike Riders,Price below minimum,10972,1,Unbranded,,,
845035589164,12.38,5,New,PXYB5MT,8.45036E+11,22/08/2026 9:38,30W Wireless Charger Fast Charging Automatic Clamping Car Mount Phone Holder UK,Price below minimum,16192,1,Unbranded,,,
845055683255,5.58,10,New,PXYB5MW,8.45056E+11,22/08/2026 9:38,Universal Digital LCD Thermometer Hygrometer Sensor Humidity Meter Room Indoor,Price below minimum,33005,1,Unbranded,,,
845096530570,7.18,8,New,PXYB5MX,8.45097E+11,22/08/2026 9:39,Auto Mirror Adjustable Wide Angle Side Rear Mirror Blind Spot Convex Mirrors For,Price below minimum,7003,1,Unbranded,,,
845186000464,503.96,5,New,PXYCS9Y,8.45186E+11,22/08/2026 13:51,Toshiba 50UV1563DB 50 Smart 4K HDR LED TV – Dolby Vision & Freely Str 50UV1563DB,Price below minimum,14934,1131,Toshiba,,,
845317740917,33.58,5,New,PXYCSB6,8.45318E+11,22/08/2026 13:52,Heavy Duty Foldable Camping Outdoor Garden Trolley Cart Wagon Truck Wheelbarrow,Price below minimum,28906,1,Unbranded,,,
845289586933,254.99,5,New,PXYCSBG,8.4529E+11,22/08/2026 13:52,COIN MONEY COUNTER SORTER MACHINE CASH CURRENCY COUNTING GBP AUTOMATIC UK ZZAP,Price below minimum,9585,179123,Zzap,,,
845362827922,43.18,5,New,PXYCSBH,8.45363E+11,22/08/2026 13:52,330LB Heavy Duty Foldable Trolley Cart Wagon Garden Beach Camping Festival UK,Price below minimum,28906,1,Unbranded,,,
845426251717,37.74,267,New,PXYCSBK,8.45426E+11,22/08/2026 13:52,200LB Heavy Duty Foldable Trolley Cart Wagon Garden Beach Camping Festival UK,Price below minimum,28906,1,Unbranded,,,
845481654256,79.98,5,New,PXYCSBN,8.45482E+11,22/08/2026 13:52,XL Foldable Trolley Cart Heavy Duty Folding Wagon Festival Beach Camping + Brake,Price below minimum,28906,1242795,QLUCK,,,
845900894928,74.46,5,New,PXYCSBP,8.45901E+11,22/08/2026 13:52,Heavy Duty Folding Wagon 500lbs Large Festival Beach Camping Garden Trolley Cart,Price below minimum,28906,1,Unbranded,,,
845910379569,79.98,5,New,PXYCSBR,8.4591E+11,22/08/2026 13:52,Foldable Camping Trolley 200L Festival Trolley Cart Wagon 10cm Wide Wheels Brake,Price below minimum,14078,1242795,QLUCK,,,
845972472666,113.58,5,New,PXYCSBS,8.45972E+11,22/08/2026 13:52,Garden Trolley Mesh Cart Camping Festival RocwooD Folding Wagon With Cover,Price below minimum,14078,186100,RocwooD,,,
845995629177,70.38,5,New,PXYCSBT,8.45996E+11,22/08/2026 13:52,200KG XL Foldable Trolley Cart Heavy Duty Folding Wagon Beach Camping Garden,Price below minimum,28906,1,Unbranded,,,
845996032914,70.38,0,New,PXYCSBV,8.45996E+11,22/08/2026 13:52,150KG Foldable Heavy Duty Garden Camping Beach Cart Festival Trolley Cart Wagon,Price below minimum,28906,1,Unbranded,,,
846037832524,194.91,5,New,PXYCSBX,8.46038E+11,22/08/2026 13:52,"Heavy Duty Garden Cart Trolley – Fold Down Mesh Sides, All-Terrain Wheels",Price below minimum,28906,252355,Forest Master,,,
846207421367,90.22,5,New,PXYCSC2,8.46207E+11,22/08/2026 13:52,"200L Folding Trolley Cart, 150kg Heavy Duty Camping Wagon, Wheels, Black",Price below minimum,28906,254267,HAUSPROFI,,,
815500443666,39.98,5,New,PXYDC27,8.155E+11,22/08/2026 14:39,3 Step Steel Ladder - VonHaus Ladder with Anti Slip Feet and Foldable Design,Price below minimum,13128,330863,VonHaus,,,
815565714848,143.98,5,New,PXYDC28,8.15566E+11,22/08/2026 14:39,Rattan TV Unit Cabinet Stand Wood Effect | 1 Door Storage & 3 Shelves | VonHaus,Price below minimum,6936,330863,VonHaus,,,
815578237921,52.78,5,New,PXYDC29,8.15578E+11,22/08/2026 14:39,VonHaus Handheld Mattress Vacuum Cleaner - Powerful Corded Bed Vac with UV Light,Price below minimum,13827,330863,VonHaus,,,
815644208916,0,0,New,PXYDC59,8.15644E+11,22/08/2026 14:39,Vonshef Food Warmer 5 Tray – 9.6L Table Top Electric Buffet Server 400W,Price below minimum,13885,49010,VonShef,,,
815744407431,95.98,5,New,PXYDC5Q,8.15744E+11,22/08/2026 14:39,"Grey Shoe Storage Bench with Seat, Hallway Bench & 4 Storage Shelves, VonHaus",Price below minimum,8012,330863,VonHaus,,,
815797938531,179.98,5,New,PXYDC88,8.15798E+11,22/08/2026 14:40,"Shoe Storage Cabinet for Hall, Rattan Light Wood Effect Shoe Cupboard, Vonhaus",Price below minimum,33083,330863,VonHaus,,,
815909155191,0,0,New,PXYDC9T,8.15909E+11,22/08/2026 14:40,"Cafetiere French Press, VonShef 8 Cup Double Wall Copper Coffee Maker",Price below minimum,13854,49010,VonShef,,,
816506617402,0,0,New,PXYDCBP,8.16507E+11,22/08/2026 14:40,"150W Electric Coffee & Spice Grinder, for Espresso Beans, Nuts & Grains, VonShef",Price below minimum,22325,49010,VonShef,,,
816000878774,0,0,New,PXYDCBN,8.16001E+11,22/08/2026 14:40,"24L Electric Cool Box, VonShef Large Insulated Cooler Box with Hot/Cold Function",Price below minimum,13757,49010,VonShef,,,
816105453821,95.98,5,New,PXYDCBR,8.16105E+11,22/08/2026 14:40,Tall Bathroom Cabinet Tallboy Slim Black Storage Cupboard w/ 6 Shelves | VonHaus,Price below minimum,6958,330863,VonHaus,,,
816507986538,55.98,5,New,PXYDCBW,8.16508E+11,22/08/2026 14:40,"VonHaus Paint Sprayer 400W, Electric Spray Gun for Outdoor & Indoor, 800ml Cup",Price below minimum,10572,330863,VonHaus,,,
816687978521,87.98,5,New,PXYDCC6,8.16688E+11,22/08/2026 14:40,"VonHaus Quad Monitor Stand for 13-32"" Screens, Four Screen Adjustable Mount",Price below minimum,25678,330863,VonHaus,,,
817013899060,239.99,5,New,PXYDCCQ,8.17014E+11,22/08/2026 14:40,"VonHaus Pizza Oven Outdoor Tabletop with Accessories, for up to 12"" Pizzas",Price below minimum,7234,330863,VonHaus,,,
816865892373,135.98,5,New,PXYDCCR,8.16866E+11,22/08/2026 14:40,VonHaus Zero Gravity Chairs Set of 2 Folding Reclining Sun Loungers Grey,Price below minimum,14018,330863,VonHaus,,,
817160450336,127.98,5,New,PXYDCCS,8.1716E+11,22/08/2026 14:40,"Tall Bathroom Storage Cabinet, Stone Freestanding Slim Tallboy, Vonhaus",Price below minimum,6958,330863,VonHaus,,,
816871442630,135.98,5,New,PXYDCCV,8.16871E+11,22/08/2026 14:40,VonHaus Recycling Pedal Bin with Double Compartments,Price below minimum,13788,330863,VonHaus,,,
817202426893,27.18,5,New,PXYDCCX,8.17202E+11,22/08/2026 14:40,"VonHaus TV Wall Bracket for 32-75"" Screens, TV Bracket with Spirit Level",Price below minimum,13959,330863,VonHaus,,,
817223980336,0,0,New,PXYDCCZ,8.17224E+11,22/08/2026 14:40,"Pasta Drying Rack & Storage Bag, 12-Arm Collapsible Wooden Noodle Stand, VonShef",Price below minimum,13450,49010,VonShef,,,
817384027338,127.98,5,New,PXYDCD2,8.17384E+11,22/08/2026 14:40,"Vonhaus Pop Up Gazebo 2m x 2m - Garden Marquee Shelter Canopy with Sides, Ivory",Price below minimum,21520,330863,VonHaus,,,
817384090660,284.99,10,New,PXYDCD6,8.17384E+11,22/08/2026 14:40,"VonHaus Artificial Grass Brush 1800W, Electric Lawn Sweeper Cleaner Machine",Price below minimum,13997,330863,VonHaus,,,
817394906692,63.98,5,New,PXYDCD9,8.17395E+11,22/08/2026 14:40,"Adirondack Outdoor Footstool, Acacia Hardwood Garden Foot Rest, Vonhaus",Price below minimum,13958,330863,VonHaus,,,
817421892066,47.98,5,New,PXYDCDB,8.17422E+11,22/08/2026 14:40,1.8m Garage Shelving Unit - VonHaus 5-Tier Heavy Duty Racking for Garage,Price below minimum,13689,330863,VonHaus,,,
817662603612,39.98,5,New,PXYDCDC,8.17663E+11,22/08/2026 14:40,5 Tier Garage Shelving Units - VonHaus 1.8m Heavy Duty Shelving Unit for Home,Price below minimum,13689,330863,VonHaus,,,
817454965713,63.98,5,New,PXYDCDD,8.17455E+11,22/08/2026 14:40,VonHaus Garden Hose Reel 15m – 2-in-1 Hose Pipe Reel with 8-Pattern Spray Nozzle,Price below minimum,14050,330863,VonHaus,,,
817817451334,31.98,5,New,PXYDCDK,8.17817E+11,22/08/2026 14:40,"VonHaus Monitor Stand for Desks, Ergonomic Screen Riser with Non-Slip Legs",Price below minimum,6539,330863,VonHaus,,,
817705004291,111.98,5,New,PXYDCDJ,8.17705E+11,22/08/2026 14:40,"VonHaus Dump Cart, Wheelbarrow, Wagon, Festival Trolley, Portable Camping Truck",Price below minimum,14078,330863,VonHaus,,,
817868115384,39.98,5,New,PXYDCFN,8.17868E+11,22/08/2026 14:40,Premium 3 Step Ladder - VonHaus Step Ladder w/ Anti Slip Feet & Foldable Design,Price below minimum,13128,330863,VonHaus,,,
817983159270,329.99,5,New,PXYDCGC,8.17983E+11,22/08/2026 14:40,"VonHaus Gas BBQ, 4+1 Burner Barbeque Grill with Gas Hose & Regulator",Price below minimum,13925,330863,VonHaus,,,
817993026616,111.98,5,New,PXYDCHP,8.17993E+11,22/08/2026 14:40,VonHaus 270L Garden Storage Box Outdoor Deck Storage Chest Organiser,Price below minimum,14067,330863,VonHaus,,,
818309308112,143.98,5,New,PXYDCK8,8.18309E+11,22/08/2026 14:40,"VonHaus Dehumidifier 6L/Day, 1.1L Water Tank, For Laundry Drying & More",Price below minimum,4740,330863,VonHaus,,,
818906785651,159.98,5,New,PXYDCMJ,8.18907E+11,22/08/2026 14:40,"Hard Shell Suitcase Set, 3 Piece Large Medium & Cabin Cases, Vonhaus",Price below minimum,27461,330863,VonHaus,,,
819102512614,79.98,5,New,PXYDCMV,8.19103E+11,22/08/2026 14:40,Bathroom Under Sink Cabinet | 2 Door Black Under Sink Storage | VonHaus,Price below minimum,6466,330863,VonHaus,,,
819364555817,111.98,5,New,PXYDCN7,8.19365E+11,22/08/2026 14:40,"Zero Gravity Chairs Set of 2, Yellow Folding Textilene Sun Loungers, VonHaus",Price below minimum,14018,330863,VonHaus,,,
819472181687,44.78,5,New,PXYDCN8,8.19472E+11,22/08/2026 14:40,Chisel Set - 8pcs Woodworking Tools Set Honing Guide and Storage Case - VonHaus,Price below minimum,32805,330863,VonHaus,,,
819498374933,0,0,New,PXYDCN9,8.19498E+11,22/08/2026 14:40,"Vonshef Panini Press Grill – Sandwich Toaster 2 Slice, Non-Stick Plates – 1000W",Price below minimum,16114,49010,VonShef,,,
819576991465,0,0,New,PXYDCND,8.19577E+11,22/08/2026 14:40,"Cafetiere French Press, VonShef 12 Cup Double Wall Stainless Steel Coffee Maker",Price below minimum,13854,49010,VonShef,,,
819905707200,127.98,5,New,PXYDCNJ,8.19906E+11,22/08/2026 14:40,"Standing Desk Converter, Height Adjustable Black Computer Workstation, Vonhaus",Price below minimum,25678,330863,VonHaus,,,
819926517154,209.99,5,New,PXYDCNK,8.19927E+11,22/08/2026 14:40,"Forest Green Armchair with Solid Rubberwood Legs for Living Room, Spinningfield",Price below minimum,7234,811559,Spinningfield,,,
820100039980,159.98,5,New,PXYDCNM,8.201E+11,22/08/2026 14:40,"Bistro Table & Chairs Set 2, Rattan Effect Garden Furniture Set, Vonhaus",Price below minimum,29147,330863,VonHaus,,,
820113939543,159.98,5,New,PXYDCPK,8.20114E+11,22/08/2026 14:40,"Cream Recycling Kitchen Bin, 60L with Double Compartments (2 x 30L), VonHaus",Price below minimum,6427,330863,VonHaus,,,
820139294800,0,0,New,PXYDCQ7,8.20139E+11,22/08/2026 14:40,"Enamel Roaster with Lid, Self-Basting, Non-Stick Steel Roasting Pan - VonShef",Price below minimum,13355,49010,VonShef,,,
820176979333,63.98,5,New,PXYDCTD,8.20177E+11,22/08/2026 14:40,"Bloom Mustard Yellow Velvet Ottoman Footstool with Floral Leaf Pattern, Beautify",Price below minimum,29973,71502,Beautify,,,
820248853455,269.99,5,New,PXYDCWP,8.20249E+11,22/08/2026 14:41,"6 Seater Dining Table, Rectangular Dark Wood Effect Kitchen Table, Vonhaus",Price below minimum,28046,330863,VonHaus,,,
820372360386,0,0,New,PXYDCWW,8.20372E+11,22/08/2026 14:41,"Yoghurt Maker Machine – Yogurt Maker with 7 x 180ml Glass Jars & Lids, VonShef",Price below minimum,22325,49010,VonShef,,,
820268285700,179.98,5,New,PXYDCWT,8.20268E+11,22/08/2026 14:41,VonHaus Electric Tiller 1500W – Garden Soil Cultivator/Rotavator,Price below minimum,5034,330863,VonHaus,,,
820251655435,0,0,New,PXYDCWY,8.20252E+11,22/08/2026 14:41,"Stovetop Coffee Maker, 6 Cup Aluminium Italian Espresso Maker, 300ml - VonShef",Price below minimum,22325,49010,VonShef,,,
820283026005,0,0,New,PXYDCX5,8.20283E+11,22/08/2026 14:41,"VonShef Air Fryer 6L - Large Family Size, Nordic Design with Timer - Fika Range",Price below minimum,17900,49010,VonShef,,,
820570399065,79.98,5,New,PXYDCWZ,8.2057E+11,22/08/2026 14:41,"White Storage Chest, Ottoman Shoe Storage Bench with Hinged Lid, Vonhaus",Price below minimum,17985,330863,VonHaus,,,
820459278498,28.78,5,New,PXYDCXG,8.20459E+11,22/08/2026 14:41,VonHaus Walk In Greenhouse PVC Cover Replacement - Spare Plastic PVC Cover,Price below minimum,29192,330863,VonHaus,,,
820328339831,55.98,5,New,PXYDCXJ,8.20328E+11,22/08/2026 14:41,5 Tier Corner Racking Hammer Grey - VonHaus Galvanised Steel Shelves for Garage,Price below minimum,10611,330863,VonHaus,,,
820691480260,224.99,5,New,PXYDCYM,8.20691E+11,22/08/2026 14:41,VonHaus Electric Stove Heater 1850W Indoor Fireplace Log/Wood Burner LED Flame,Price below minimum,18135,330863,VonHaus,,,
820725857792,239.99,5,New,PXYDD2R,8.20726E+11,22/08/2026 14:41,"VonHaus Drinks Fridge 50L Table Top with Reversible Glass Door, Lock & Keys",Price below minimum,17949,330863,VonHaus,,,
820851459426,63.98,5,New,PXYDD78,8.20851E+11,22/08/2026 14:41,Bathroom Mirror Cabinet Wall Mounted | Black 2 Door Storage Cupboard | VonHaus,Price below minimum,6958,330863,VonHaus,,,
821109942127,47.98,5,New,PXYDD8M,8.2111E+11,22/08/2026 14:41,"Hanging Chair Outdoor, Palm Printed Garden Swing Seat with Attachments, VonHaus",Price below minimum,28720,330863,VonHaus,,,
821198900275,79.98,8,New,PXYDDB7,8.21199E+11,22/08/2026 14:41,VonHaus 5 Tier Wire Shelving Unit for Storage Black Powder Coated Metal Shelves,Price below minimum,13689,330863,VonHaus,,,
821216330299,71.98,5,New,PXYDDDB,8.21216E+11,22/08/2026 14:41,"Bathroom Storage Drawers, White 3 Drawer Freestanding Bathroom Cabinet, Vonhaus",Price below minimum,6958,330863,VonHaus,,,
821819618213,0,0,New,PXYDDFQ,8.2182E+11,22/08/2026 14:41,"Cafetiere French Press, VonShef 3 Cup Double Wall Stainless Steel Coffee Maker",Price below minimum,13847,49010,VonShef,,,
821779083397,63.98,5,New,PXYDDFW,8.21779E+11,22/08/2026 14:41,"VonHaus Dual Monitor Stand for 13-32"" Screens, Adjustable Mount with Glass Base",Price below minimum,6539,330863,VonHaus,,,
821281437107,159.98,5,New,PXYDDFZ,8.21281E+11,22/08/2026 14:41,"6 Seater Dining Table, Light Wood Effect Kitchen Table, Spinningfield",Price below minimum,28046,811559,Spinningfield,,,
821599500494,0,0,New,PXYDDFY,8.216E+11,22/08/2026 14:41,"VonShef Air Fryer 6L - Large Family Size, 10-in-1, Healthy Cooking - Fika Range",Price below minimum,17900,49010,VonShef,,,
821290716613,71.98,5,New,PXYDDG7,8.21291E+11,22/08/2026 14:41,"Bathroom Storage Drawers, White 3 Drawer Freestanding Bathroom Cabinet, Vonhaus",Price below minimum,6958,330863,VonHaus,,,
821684275474,79.98,8,New,PXYDDGB,8.21684E+11,22/08/2026 14:41,VonHaus 5 Tier Wire Shelving Unit for Storage Black Powder Coated Metal Shelves,Price below minimum,13689,330863,VonHaus,,,
821798149456,0,0,New,PXYDDGD,8.21798E+11,22/08/2026 14:41,"147x180cm Blue & White Tartan Picnic Blanket, 6 Person Outdoor Rug, Vonshef",Price below minimum,8702,49010,VonShef,,,
821496694692,159.98,5,New,PXYDDGG,8.21497E+11,22/08/2026 14:41,"6 Seater Dining Table, Light Wood Effect Kitchen Table, Spinningfield",Price below minimum,28046,811559,Spinningfield,,,
821887154224,172.48,5,New,PXYDDGS,8.21887E+11,22/08/2026 14:41,"Bedside Tables Set of 2 Rattan Drawers, Side Table with 2 Drawers, VonHaus",Price below minimum,30270,330863,VonHaus,,,
821970961258,71.98,5,New,PXYDDGX,8.21971E+11,22/08/2026 14:41,"Coat Hooks Wall Mounted, White Coat Rack Shelf with Wicker Baskets, VonHaus",Price below minimum,13722,330863,VonHaus,,,
822181693921,0,0,New,PXYDDHB,8.22182E+11,22/08/2026 14:41,"VonShef Stove Top Kettle, 2.5L Stainless Steel, Induction Safe Stovetop Kettle",Price below minimum,15010,49010,VonShef,,,
822236961104,0,0,New,PXYDDJJ,8.22237E+11,22/08/2026 14:41,"Reversible Griddle Pan, Pre-Seasoned Non-Stick Cast Iron BBQ Griddle - VonShef",Price below minimum,13343,49010,VonShef,,,
822365708670,0,0,New,PXYDDJQ,8.22366E+11,22/08/2026 14:41,Sandwich Toaster 4 Slice – Deep Fill Toastie Maker with Non-Stick Plates – 1600W,Price below minimum,16114,49010,VonShef,,,
822386298440,159.98,5,New,PXYDDMG,8.22386E+11,22/08/2026 14:41,"Rattan Effect Sideboard for Living Room, Cabinet with 3 Storage Shelves, Vonhaus",Price below minimum,28717,330863,VonHaus,,,
822739671586,63.98,5,New,PXYDDN5,8.2274E+11,22/08/2026 14:41,"VonHaus Carpet Stretcher,Carpet Fitting Kit, with a Cutter and Steel Bolster",Price below minimum,12793,330863,VonHaus,,,
822423076475,44.78,5,New,PXYDDN2,8.22423E+11,22/08/2026 14:41,Large Waterproof BBQ Cover - Premium Breathable 420D Oxford Fabric Protection,Price below minimum,13916,330863,VonHaus,,,
822406521220,39.98,5,New,PXYDDN7,8.22407E+11,22/08/2026 14:41,Medium Waterproof BBQ Cover - Premium Breathable 420D Oxford Fabric Protection,Price below minimum,11094,330863,VonHaus,,,
822745846923,119.98,5,New,PXYDDNV,8.22746E+11,22/08/2026 14:41,"Cream Recycling Kitchen Bin, 45L with Triple Compartments (3 x 15L), VonHaus",Price below minimum,6427,330863,VonHaus,,,
822868786236,0,0,New,PXYDDPV,8.22869E+11,22/08/2026 14:41,VonShef Deep Fat Fryer 3L with Adjustable Thermostat 2000W,Price below minimum,17899,49010,VonShef,,,
822847979475,95.98,5,New,PXYDDPY,8.22848E+11,22/08/2026 14:41,VonHaus Fire Pit Bowl Geo Firepit with Spark Guard & Poker for Wood & Charcoal,Price below minimum,7230,330863,VonHaus,,,
822996834656,47.98,5,New,PXYDDQF,8.22997E+11,22/08/2026 14:41,"Coat Hooks Wall Mounted, Grey Coat Rack with Wood Effect Shelf, VonHaus",Price below minimum,13722,330863,VonHaus,,,
823074418607,194.99,7,New,PXYDDRZ,8.23074E+11,22/08/2026 14:41,Dining Chairs Set of 2 | Rattan Pair of Kitchen Chairs | Boho Style | VonHaus,Price below minimum,6993,330863,VonHaus,,,
823083497679,179.98,5,New,PXYDDSN,8.23083E+11,22/08/2026 14:41,BTFY Metal Storage Trunks Set of 3 Grey White Blush Gold Hardware Chest,Price below minimum,17985,71502,Beautify,,,
823198617160,119.98,10,New,PXYDDSZ,8.23199E+11,22/08/2026 14:41,"Sage Green Recycling Kitchen Bin, 45L with Triple Compartments (3 x 15L) VonHaus",Price below minimum,6427,330863,VonHaus,,,
823303763850,0,0,New,PXYDDTR,8.23304E+11,22/08/2026 14:41,VonShef 4 Slice Toaster - Nordic Matte Black and Wood Design 1500w - Fika Range,Price below minimum,28725,49010,VonShef,,,
823319483254,27.18,5,New,PXYDDVC,8.23319E+11,22/08/2026 14:41,"VonHaus TV Wall Bracket for 32-70"" Screens, TV Bracket with Spirit Level",Price below minimum,13959,330863,VonHaus,,,
823323483608,172.48,5,New,PXYDDVY,8.23323E+11,22/08/2026 14:41,"VonHaus Charcoal BBQ, Portable Barrel Barbecue with Offset Smoker",Price below minimum,13922,330863,VonHaus,,,
823328285955,209.99,5,New,PXYDDWZ,8.23328E+11,22/08/2026 14:41,"Adirondack Love Seat, Waterproof 2 Seater Jack & Jill Garden Chair Set, VonHaus",Price below minimum,28797,330863,VonHaus,,,
823394755413,63.98,5,New,PXYDDYJ,8.23395E+11,22/08/2026 14:41,"Bedside Table with Natural Rattan Drawers, Side Table with 1 Drawer - VonHaus",Price below minimum,30270,330863,VonHaus,,,
823399834762,39.98,5,New,PXYDDYZ,8.234E+11,22/08/2026 14:41,VonHaus 1/2'' Torque Wrench with 3/8 Reducer and Extension Bar,Price below minimum,2424,330863,VonHaus,,,
823467173755,0,0,New,PXYDDZH,8.23467E+11,22/08/2026 14:41,VonShef Slow Cooker 3.5L - Removable Non-stick Ceramic Bowl & Tempered Glass Lid,Price below minimum,2576,49010,VonShef,,,
823877751819,36.78,5,New,PXYDDZZ,8.23878E+11,22/08/2026 14:41,Bathroom Storage Box w/ Lid White Toilet Roll Cleaning Tidy Organiser | VonHaus,Price below minimum,7561,330863,VonHaus,,,
823842632501,87.98,5,New,PXYDF22,8.23843E+11,22/08/2026 14:41,VonHaus Compost Bin 480L - Outdoor Compost Converter Frost & UV Resistant Black,Price below minimum,14113,330863,VonHaus,,,
823951532631,0,0,New,PXYDF2R,8.23952E+11,22/08/2026 14:41,"VonShef 4 Piece Matte Black Bowl Set – Ceramic Bowls for Pasta, Cereal, Soup",Price below minimum,9097,49010,VonShef,,,
823977166469,20.78,5,New,PXYDF52,8.23977E+11,22/08/2026 14:41,"VonHaus TV Wall Bracket for 32-75"" Screens, Ultra-Slim TV Bracket w/Spirit Level",Price below minimum,13959,330863,VonHaus,,,
824065004816,0,0,New,PXYDF5N,8.24065E+11,22/08/2026 14:41,VonShef Electric XL Teppanyaki Table Top Grill Griddle Plate BBQ - 70x23cm,Price below minimum,2578,49010,VonShef,,,
824330294041,28.78,5,New,PXYDF5X,8.2433E+11,22/08/2026 14:41,Replacement Cloth Filter Pack of 2 for VonHaus Pond Vacuum,Price below minimum,9186,330863,VonHaus,,,
824317061055,63.98,5,New,PXYDF62,8.24317E+11,22/08/2026 14:41,"VonHaus Heated Throw Blanket Electric, 160 x 130cm, 9 Heat Settings, 9 Hr Timer",Price below minimum,13885,330863,VonHaus,,,
824378875950,0,0,New,PXYDF6V,8.24379E+11,22/08/2026 14:41,"Cafetiere French Press, VonShef 6 Cup Double Wall Stainless Steel Coffee Maker",Price below minimum,13854,49010,VonShef,,,
824411628291,47.98,5,New,PXYDF7P,8.24412E+11,22/08/2026 14:41,VonHaus Glass Monitor Stand Riser XL Height Adjustable Screen Riser | 100 x 26cm,Price below minimum,17869,330863,VonHaus,,,
824552899420,0,0,New,PXYDF88,8.24553E+11,22/08/2026 14:42,"Vonshef Mini Waffle Maker - Round Non Stick Plates, Indicator Light, Black, 550W",Price below minimum,9381,49010,VonShef,,,
824652951516,55.98,5,New,PXYDF8N,8.24653E+11,22/08/2026 14:42,"Chevron Side End Table 1 Drawer Bedside Nightstand Black & Wood Effect, VonHaus",Price below minimum,28046,330863,VonHaus,,,
815776527756,31.98,5,New,PXYDN6F,8.15777E+11,22/08/2026 14:52,2 Step Steel Ladder - VonHaus Step Ladder with Anti Slip Feet & Foldable Design,Price below minimum,13128,330863,VonHaus,,,
826118627164,79.98,5,New,PXYDW9T,8.26119E+11,22/08/2026 15:42,Bathroom Under Sink Cabinet | 2 Door Grey Basin Cupboard Storage Unit | VonHaus,Price below minimum,6466,330863,VonHaus,,,
826162824892,79.98,5,New,PXYDW9V,8.26163E+11,22/08/2026 15:42,1/2 Impact Socket Set - VonHaus 40pcs Deep Impact Socket Set 1/2 Inch Drive,Price below minimum,27091,330863,VonHaus,,,
826245523483,103.98,5,New,PXYDW9W,8.26246E+11,22/08/2026 15:42,Chevron Side Tables Set of 2 Bedside Nightstands Black & Wood Effect | VonHaus,Price below minimum,28046,330863,VonHaus,,,
826314674412,0,0,New,PXYDW9X,8.26315E+11,22/08/2026 15:42,VonShef 1.8L Electric Removable Non-Stick Rice Pot 700W - Rice Cooker & Steamer,Price below minimum,13873,49010,VonShef,,,
826474536414,0,0,New,PXYDWBK,8.26475E+11,22/08/2026 15:42,"Hand Mixer Electric Whisk – VonShef Red Food Mixer for Baking, 5 Speeds – 300W",Price below minimum,13861,49010,VonShef,,,
826552999599,23.98,5,New,PXYDWF9,8.26553E+11,22/08/2026 15:42,"VonHaus Sound Bar Bracket, Adjustable Universal Sound Bar Mount",Price below minimum,6382,330863,VonHaus,,,
826557068252,47.98,5,New,PXYDWJB,8.26557E+11,22/08/2026 15:42,"VonHaus Tile Cutter 430mm - Manual Tile Cutters for Ceramic Tiles, Glazed Floor",Price below minimum,12929,330863,VonHaus,,,
826684584878,55.98,5,New,PXYDWK2,8.26685E+11,22/08/2026 15:42,2 Step Folding Ladder - Steel Stepladder with max 150kg Capacity VonHaus,Price below minimum,25529,330863,VonHaus,,,
826723969598,0,0,New,PXYDWK5,8.26724E+11,22/08/2026 15:42,"4 in 1 Multi-Functional Blender, Juicer & Grinder, 17 Piece Set with 2 Speeds",Price below minimum,14891,49010,VonShef,,,
826891820530,254.99,5,New,PXYDWN6,8.26892E+11,22/08/2026 15:42,"Hanging Egg Chair, Grey Rattan Folding Swing Chair with Stand, Vonhaus",Price below minimum,14018,330863,VonHaus,,,
826954156385,47.98,5,New,PXYDWQB,8.26954E+11,22/08/2026 15:42,VonHaus - XL Glass Monitor Stand - Height Adjustable Screen Riser | 100 x 26cm,Price below minimum,17869,330863,VonHaus,,,
826971805853,79.98,9,New,PXYDWST,8.26972E+11,22/08/2026 15:42,VonHaus Slim White Bathroom Storage Unit Compact Freestanding Cabinet,Price below minimum,6936,330863,VonHaus,,,
827041874175,0,0,New,PXYDWSV,8.27042E+11,22/08/2026 15:42,"150W Cream Electric Coffee & Spice Grinder, for Espresso Beans & Nuts, VonShef",Price below minimum,22325,49010,VonShef,,,
827132899384,19.98,5,New,PXYDWSW,8.27133E+11,22/08/2026 15:42,"VonHaus TV Wall Bracket for 15-50"" Screens, Ultra-Slim TV Bracket",Price below minimum,13959,330863,VonHaus,,,
827241218038,79.98,5,New,PXYDWSX,8.27241E+11,22/08/2026 15:42,"VonHaus Triple Monitor Stand for 17-27"" Screens, Three Screen Adjustable Mount",Price below minimum,6539,330863,VonHaus,,,
827244389704,0,0,New,PXYDWSY,8.27244E+11,22/08/2026 15:42,"Vonshef Waffle Maker Large – 4 Slice Waffle Iron with Non-Stick Plates, 1400W",Price below minimum,9381,49010,VonShef,,,
827382402167,47.98,5,New,PXYDWSZ,8.27382E+11,22/08/2026 15:42,"VonHaus Height Adjustable Gas Powered Monitor Stand for 17-32"" Screens",Price below minimum,6539,330863,VonHaus,,,
827387813746,0,0,New,PXYDWTV,8.27388E+11,22/08/2026 15:42,"VonShef Food Steamer Electric 9L - 3 Stackable Tiers, Rice Bowl & 60-Min Timer",Price below minimum,2579,49010,VonShef,,,
827405550998,0,0,New,PXYDWVY,8.27406E+11,22/08/2026 15:42,"Kettle and Toaster Set 1.7L Rapid Boil Kettle 3000W & 2 Slice Toaster, VonShef",Price below minimum,23011,49010,VonShef,,,
827486753257,71.98,5,New,PXYDWX8,8.27487E+11,22/08/2026 15:43,"Bedside Table for Bedroom, 1 Drawer Herringbone Bedside Cabinet, VonHaus",Price below minimum,30270,330863,VonHaus,,,
827508022019,47.98,5,New,PXYDWY2,8.27508E+11,22/08/2026 15:43,"Black Side Table, 1 Drawer End Table, Bedside Table & Nightstand - Spinningfield",Price below minimum,28046,811559,Spinningfield,,,
827611219498,0,0,New,PXYDWZM,8.27611E+11,22/08/2026 15:43,"VonShef Black Stovetop Kettle, Stainless Steel Retro Style Whistling Kettle",Price below minimum,15010,49010,VonShef,,,
827698251640,100.78,6,New,PXYDX2N,8.27698E+11,22/08/2026 15:43,"5-Tier Garage Shelving Units VonHaus Pack of 3 - 1.5m Rackings, 175kg Per Shelf",Price below minimum,13689,330863,VonHaus,,,
827708619705,22.38,5,New,PXYDX57,8.27709E+11,22/08/2026 15:43,"VonHaus TV Wall Bracket for 26-60"" Screens, Tilting TV Bracket w/Spirit Level",Price below minimum,13959,330863,VonHaus,,,
827749804054,76.78,5,New,PXYDX58,8.2775E+11,22/08/2026 15:43,VonHaus BBQ Pizza Oven – Pizza Oven Outdoor for Charcoal BBQs & Gas Grills,Price below minimum,4898,330863,VonHaus,,,
827750898257,0,0,New,PXYDX5B,8.27751E+11,22/08/2026 15:43,Fika Black/Cream & Wood 20L Microwave,Price below minimum,11456,49010,VonShef,,,
827837047196,55.98,10,New,PXYDX6C,8.27837E+11,22/08/2026 15:43,VonHaus Brush Replacement for the 1800W Artificial Grass Sweeper Cleaner Machine,Price below minimum,9890,330863,VonHaus,,,
827969008324,159.98,5,New,PXYDX7J,8.27969E+11,22/08/2026 15:43,"Rectangular Dining Table 6 Seater, Light Wood Effect Kitchen Table, Vonhaus",Price below minimum,28046,330863,VonHaus,,,
827982277370,63.98,5,New,PXYDX82,8.27982E+11,22/08/2026 15:43,"VonHaus Electric Blanket Double Size, Heated Mattress Topper Under Cover Sheet",Price below minimum,34311,330863,VonHaus,,,
828011257226,79.98,5,New,PXYDX8Z,8.28011E+11,22/08/2026 15:43,"VonHaus 300W Oscillating Multi Tool Variable 15,000–22,000 OPM Cutter & Sander",Price below minimum,12982,330863,VonHaus,,,
828143620035,92.78,5,New,PXYDX9S,8.28144E+11,22/08/2026 15:43,"VonHaus Oil Filled Radiator 9 Fin, Oil Heater Portable Electric Free Standing",Price below minimum,31310,330863,VonHaus,,,
828159472222,87.98,5,New,PXYDXBM,8.28159E+11,22/08/2026 15:43,"Folding Garden Chairs, Portable Rattan Effect Foldable Chairs Set of 2 - VonHaus",Price below minimum,13812,330863,VonHaus,,,
828490662047,0,0,New,PXYDXBS,8.28491E+11,22/08/2026 15:43,"Gravy Boat Serving Jug, VonShef 1L Sauce Pot with Hinged Lid & Anti-Drip Spout",Price below minimum,13389,49010,VonShef,,,
828887736382,71.98,5,New,PXYDXC5,8.28888E+11,22/08/2026 15:43,"VonHaus Monitor Stand with Laptop Tray for 13-32"" Screen, Adjustable Clamp",Price below minimum,25678,330863,VonHaus,,,
829052547666,71.98,5,New,PXYDXCS,8.29053E+11,22/08/2026 15:43,"VonHaus 15L Ash Vacuum Cleaner 100W for Fireplace, BBQ, Stoves & Home",Price below minimum,13827,330863,VonHaus,,,
829033299485,31.98,5,New,PXYDXCZ,8.29033E+11,22/08/2026 15:43,VonHaus Filter Replacement HEPA – Filters Pack of 3 for 07/796 & 07/200,Price below minimum,11360,330863,VonHaus,,,
829056297048,0,0,New,PXYDXD5,8.29056E+11,22/08/2026 15:43,"VonShef Cast Iron Teapot, 800ml Japanese Inspired Tetsubin for Loose Leaf Tea",Price below minimum,11460,49010,VonShef,,,
829245098951,95.98,5,New,PXYDXD7,8.29245E+11,22/08/2026 15:43,"36L Recycling Kitchen Bin, VonHaus 2 Compartment Pedal Bin with Airtight Lids",Price below minimum,6427,330863,VonHaus,,,
829257099441,0,0,New,PXYDXDF,8.29257E+11,22/08/2026 15:43,"VonShef Dual Air Fryer 9L - Family Size, 2 Drawers & Liners, Smart Finish, 2600W",Price below minimum,33819,49010,VonShef,,,
829453421633,194.99,5,New,PXYDXDQ,8.29453E+11,22/08/2026 15:43,"Rattan Effect Bookcase for Living Room, Bookshelf with 3 Open Shelves, Vonhaus",Price below minimum,28716,330863,VonHaus,,,
829458037716,95.98,10,New,PXYDXFC,8.29458E+11,22/08/2026 15:43,Beautify Trifold Mirror Dressing Table Vanity Beauty Makeup Cosmetics Bathroom,Price below minimum,6960,71502,Beautify,,,
829498904740,63.98,5,New,PXYDXG6,8.29499E+11,22/08/2026 15:43,"VonHaus Lawn Levelling Rake 2M, Leveller for Grass, Gardens, Farm Land & More",Price below minimum,11448,330863,VonHaus,,,
829552649617,143.98,5,New,PXYDXGV,8.29553E+11,22/08/2026 15:43,"Dressing Table for Bedroom, 2 Drawer Herringbone Vanity Desk, VonHaus",Price below minimum,28046,330863,VonHaus,,,
829776402289,68.78,5,New,PXYDXHZ,8.29776E+11,22/08/2026 15:43,"Under Sink Bathroom Cabinet, White Under Sink Storage Unit, Vonhaus",Price below minimum,6466,330863,VonHaus,,,
829796411582,78.38,5,New,PXYDXJ5,8.29796E+11,22/08/2026 15:43,"VonHaus Triple Monitor Stand for 17-27"" Screens, Three Screen Monitor Mount",Price below minimum,6539,330863,VonHaus,,,
829880798858,31.98,5,New,PXYDXJJ,8.29881E+11,22/08/2026 15:43,Patio Heater Cover Waterproof – VonHaus Outdoor Heater Cover – 91 x 251cm,Price below minimum,13958,330863,VonHaus,,,
829894299792,0,0,New,PXYDXKS,8.29894E+11,22/08/2026 15:44,Popcorn Maker Machine – 1200W Popcorn Popper w/ 6 Boxes for Movie Nights – Black,Price below minimum,7638,49010,VonShef,,,
829988061564,55.98,5,New,PXYDXM5,8.29988E+11,22/08/2026 15:44,"VonHaus Vertical Double Monitor Stand for 13-32"" Screens, Twin Monitor Mount",Price below minimum,6539,330863,VonHaus,,,
830033158764,0,0,New,PXYDXMW,8.30033E+11,22/08/2026 15:44,"VonShef Cream Stand Mixer Electric Food Mixer for Baking, 4.5L Mixing Bowl 1000W",Price below minimum,6605,49010,VonShef,,,
830169336074,46.38,5,New,PXYDXNH,8.30169E+11,22/08/2026 15:44,"VonHaus TV Wall Bracket for 37-82"" Screens, Articulating TV Bracket",Price below minimum,13959,330863,VonHaus,,,
830348583589,0,0,New,PXYDXNJ,8.30349E+11,22/08/2026 15:44,"VonShef Black Stand Mixer Electric Food Mixer for Baking, 4.5L Mixing Bowl 1000W",Price below minimum,6605,49010,VonShef,,,
830386718219,0,0,New,PXYDXNK,8.30387E+11,22/08/2026 15:44,"Moka Pot Espresso Maker, VonShef 600ml (12 Cup) Stovetop Coffee Percolator",Price below minimum,13855,49010,VonShef,,,
830535671884,36.78,5,New,PXYDXNM,8.30536E+11,22/08/2026 15:44,VonHaus Replacement Scarifier Drum for 1800W Scarifier,Price below minimum,27668,330863,VonHaus,,,
830544063564,0,0,New,PXYDXNN,8.30544E+11,22/08/2026 15:44,"VonShef Double Waffle Maker - Non-Stick Round Belgian Waffle Machine, 1200W",Price below minimum,9381,49010,VonShef,,,
830559101336,135.98,5,New,PXYDXNQ,8.30559E+11,22/08/2026 15:44,"VonHaus Disc & Belt Sander | Adjustable Sanding Belts, Discs & Sanding Table",Price below minimum,18189,330863,VonHaus,,,
830607348690,111.98,5,New,PXYDXNS,8.30607E+11,22/08/2026 15:44,"Folding Bistro Set for 2, Sage Green Garden Table & Chairs Set, Vonhaus",Price below minimum,13812,330863,VonHaus,,,
830703467790,95.98,5,New,PXYDXNT,8.30703E+11,22/08/2026 15:44,Tall Bathroom Cabinet Tallboy | Slim Grey Storage Cupboard & 6 Shelves | VonHaus,Price below minimum,6958,330863,VonHaus,,,
830749150632,269.99,5,New,PXYDXPB,8.30749E+11,22/08/2026 15:44,"6 Seater Dining Table, Rectangular Natural Wood Effect Kitchen Table, Vonhaus",Price below minimum,28046,330863,VonHaus,,,
830780662897,95.98,5,New,PXYDXPJ,8.30781E+11,22/08/2026 15:44,"Folding Garden Dining Table, Black Rattan Effect Trestle Table, Vonhaus",Price below minimum,28046,330863,VonHaus,,,
830796991851,55.98,5,New,PXYDXQ8,8.30797E+11,22/08/2026 15:44,"VonHaus Stove Fan 6 Blades, Log Burner Fire Fan, Wood Burning Stoves, Fireplaces",Price below minimum,18134,330863,VonHaus,,,
